layer	component	feature	selection_frequency	mean_abs_loading	median_abs_loading
DNA methylation	1	ZHX2	5	0.22236010268982706	0.2028752271764897
DNA methylation	1	feature_58817	5	0.21738390634780247	0.1986323656698528
DNA methylation	1	RTP1.8	5	0.20602187704590372	0.19038060438413318
DNA methylation	1	PRKAR1B.114	5	0.1945931321278653	0.18707642253825543
DNA methylation	1	TBCD.110	5	0.19015153441445384	0.1896351996851595
DNA methylation	1	ST18.16	5	0.18660099016279869	0.18405550575090066
DNA methylation	1	feature_187008	5	0.18080991462254292	0.17250385383322042
DNA methylation	1	RNMTL1.7	5	0.17988391747017035	0.17395548871008124
DNA methylation	1	MIR205HG.2	5	0.17812846429346457	0.17190751393974346
DNA methylation	1	TP73.88	5	0.17635679486618522	0.1686723493920608
DNA methylation	1	ZNF750;TBCD.17	5	0.1714454124436856	0.17460499414114913
DNA methylation	1	SPSB1.35	5	0.17020172839937228	0.1671167046229833
DNA methylation	1	LIMA1.17	5	0.16281031266382054	0.15471284819807576
DNA methylation	1	MIR128-1;R3HDM1	5	0.15091501111774894	0.1506117953724122
DNA methylation	1	feature_282548	5	0.1496645577906728	0.1487812205661714
DNA methylation	1	ITPRIP.13	5	0.1408131770463833	0.1401289654571584
DNA methylation	1	C3orf34	5	0.14039953521004747	0.1415001352831712
DNA methylation	1	feature_362612	5	0.14027450163019317	0.14601854028934189
DNA methylation	1	CALML3.8	5	0.13858742136995472	0.1400883046951804
DNA methylation	1	feature_89067	5	0.1357386600747425	0.13285709956918118
DNA methylation	1	KIF26B.13	5	0.13170983723429208	0.13600953203217656
DNA methylation	1	TPM3;NUP210L	5	0.13016915430761455	0.13324004141308982
DNA methylation	1	feature_212134	5	0.12603344565675817	0.1320649500829869
DNA methylation	1	TRIP13.10	5	0.12350642792839692	0.12249627087578241
DNA methylation	1	CUGBP2.12	5	0.12288606818351118	0.12458855012513334
DNA methylation	1	CALML3.5	5	0.11942478680791012	0.12060304665120358
DNA methylation	1	KCNK7.1	5	0.1126998669860065	0.11711603042922374
DNA methylation	1	CSNK1D.5	5	0.11046685212739599	0.1233910651833093
DNA methylation	1	feature_6911	5	0.10782592140450202	0.11297792144831816
DNA methylation	1	CHST12.14	5	0.10404846048127792	0.09752038116780183
DNA methylation	1	TRIP13.5	5	0.09880974665181877	0.1026934676341949
DNA methylation	1	DEAF1.18	5	0.09514855675244646	0.10555543452826023
DNA methylation	1	feature_107122	5	0.09118507380110963	0.1052930886178058
DNA methylation	1	feature_312266	5	0.08220656873488238	0.09132767937101172
DNA methylation	1	RAB40C.27	5	0.08181802590855652	0.0837242183936885
DNA methylation	1	feature_344114	5	0.0763697374377761	0.08957457905991104
DNA methylation	1	TBCD.120	5	0.07495759325565356	0.08142350553585244
DNA methylation	1	TRIP13.9	5	0.0652377379958765	0.06946068845792715
DNA methylation	1	SEC14L1.13	5	0.06270576127660815	0.07515767648904302
DNA methylation	1	NUP210L.3	5	0.05884527981084741	0.070094239134859
DNA methylation	1	feature_223637	5	0.04904700009710021	0.07467851501606115
DNA methylation	1	AGAP1.169	5	0.049007245297717245	0.06850219200261196
DNA methylation	1	TP73.68	4	0.1826446109208433	0.17907819677560494
DNA methylation	1	feature_243982	4	0.10158245952637429	0.1093804796748192
DNA methylation	1	TRIP13.2	4	0.10128124686370614	0.10449331327583064
DNA methylation	1	ZDHHC1.9	4	0.08821286874201283	0.10155658996361659
DNA methylation	1	CHST12.16	4	0.07285722881784501	0.07296794318359046
DNA methylation	1	NKX2-1.13	4	0.0725903390030199	0.08347878661985497
DNA methylation	1	KCTD1.10	4	0.06758471045316483	0.07544595322872764
DNA methylation	1	feature_356923	4	0.06715745439555999	0.07411409457475454
DNA methylation	1	RAB40C.22	4	0.06553292897510767	0.06473466266546207
DNA methylation	1	feature_182338	3	0.12538320005211542	0.1317513234314538
DNA methylation	1	feature_283127	3	0.07945389624772778	0.08626208524131551
DNA methylation	1	ABCB1.2	3	0.07124673680675891	0.06797674185040398
DNA methylation	1	LRRC17;FBXL13.5	3	0.06966759856075744	0.07312562916607346
DNA methylation	1	feature_362935	3	0.06663148618008496	0.06737215362979879
DNA methylation	1	MAGI1.8	3	0.06318426896184069	0.062182714070209776
DNA methylation	1	C7orf20.43	3	0.05667146842024882	0.05385512225576438
DNA methylation	1	RAPGEFL1.15	3	0.05563591383886902	0.05064496597561365
DNA methylation	1	PTPRN2.398	3	0.05439552151525263	0.05629507185328216
DNA methylation	1	SH3PXD2A.26	3	0.05172949397444164	0.05069454285072468
DNA methylation	1	feature_67653	3	0.04977502496695081	0.047460827718851475
DNA methylation	1	KRT7.19	3	0.04665360077450595	0.047232271682534674
DNA methylation	1	GLI2.72	3	0.04534935512818382	0.04190729692074757
DNA methylation	1	SLCO1A2.2	3	0.04266902109650812	0.04804552356059501
DNA methylation	1	GAS1.5	3	0.04216005896340978	0.04411012366080895
DNA methylation	1	feature_176408	3	0.04133073351030819	0.04489893736964055
DNA methylation	1	SLITRK3.22	3	0.04068795607898659	0.044388490078821834
DNA methylation	1	RAPGEFL1.8	3	0.04066319561998464	0.03466711393225838
DNA methylation	1	feature_148794	3	0.03979126279505423	0.04002161450743289
DNA methylation	1	EDAR.1	3	0.03745464923885204	0.039274123094868704
DNA methylation	1	WDR37.26	3	0.03566822669746558	0.03901218830493592
DNA methylation	1	feature_198027	3	0.03498956175743424	0.02854133378163152
DNA methylation	1	GPR37L1.7	3	0.03477265719418411	0.039593027048720274
DNA methylation	1	ABLIM2.64	3	0.03399859425541735	0.03409340799014317
DNA methylation	1	ACHE.1	3	0.028399026922983676	0.02980176304785201
DNA methylation	1	RUNX3.53	3	0.02802215468828012	0.032549089273940963
DNA methylation	1	SDK2.13	3	0.020991682988715035	0.02041599065128258
DNA methylation	1	AGAP1.47	3	0.01741232466429202	0.011733733940822383
DNA methylation	1	feature_29331	3	0.016595708995981593	0.013991805305816106
DNA methylation	1	ANGPT1.17	3	0.015767816629183674	0.01683222973380044
DNA methylation	1	feature_207128	3	0.013094973112308016	0.013028041114362886
DNA methylation	1	feature_168488	3	0.00919799863053097	0.009976805225530525
DNA methylation	1	KCNT1.47	3	0.008628876958742548	0.011386229042045724
DNA methylation	1	MYLK.1	2	0.1623866236930478	0.1623866236930478
DNA methylation	1	feature_277469	2	0.07421292777689964	0.07421292777689964
DNA methylation	1	MIR205HG;MIR205.2	2	0.06848213271464512	0.06848213271464512
DNA methylation	1	FRMD6.23	2	0.06811425890620254	0.06811425890620254
DNA methylation	1	CASC2.5	2	0.03656349101527232	0.03656349101527232
DNA methylation	1	feature_51157	2	0.022920071784926267	0.022920071784926267
DNA methylation	1	WWOX.12	2	0.0173477110179586	0.0173477110179586
DNA methylation	1	BRDT.2	2	0.017266172951080135	0.017266172951080135
DNA methylation	1	RAPGEFL1.17	2	0.016989806078781772	0.016989806078781772
DNA methylation	1	VANGL2.6	2	0.016473470502224714	0.016473470502224714
DNA methylation	1	KCNT1.42	2	0.014865488995917608	0.014865488995917608
DNA methylation	1	HRNBP3.112	2	0.012909334136129224	0.012909334136129224
DNA methylation	1	TM4SF19.9	2	0.010779186169897597	0.010779186169897597
DNA methylation	1	feature_77773	2	0.01072913897078485	0.01072913897078485
DNA methylation	1	CCDC88C.29	2	0.008515564773858108	0.008515564773858108
DNA methylation	1	feature_262061	2	0.006410588925243571	0.006410588925243571
DNA methylation	1	feature_82595	2	0.005420929620131657	0.005420929620131657
DNA methylation	1	KCNT1.35	2	0.0046436523128667254	0.0046436523128667254
DNA methylation	1	ZHX2.39	1	0.24896495476523864	0.24896495476523864
DNA methylation	1	feature_265572	1	0.23844348236006205	0.23844348236006205
DNA methylation	1	TRPS1.17	1	0.09785421367391474	0.09785421367391474
DNA methylation	1	TP73.8	1	0.09067620586150735	0.09067620586150735
DNA methylation	1	KIAA0513.10	1	0.06839216110159797	0.06839216110159797
DNA methylation	1	LRRC17;FBXL13.7	1	0.0631085452987474	0.0631085452987474
DNA methylation	1	FOXK1.49	1	0.05791188875684472	0.05791188875684472
DNA methylation	1	feature_210349	1	0.04031083325069249	0.04031083325069249
DNA methylation	1	GDNF.33	1	0.03147499445346611	0.03147499445346611
DNA methylation	1	feature_27518	1	0.031403699645565775	0.031403699645565775
DNA methylation	1	HOPX.20	1	0.026691954977961754	0.026691954977961754
DNA methylation	1	HOPX.19	1	0.02363145357757029	0.02363145357757029
DNA methylation	1	DENND2A.12	1	0.010190493367834511	0.010190493367834511
DNA methylation	1	feature_119011	1	0.01012782050728643	0.01012782050728643
DNA methylation	1	SLC22A20.9	1	0.009556882892582386	0.009556882892582386
DNA methylation	1	CPLX2.38	1	0.006840020142897157	0.006840020142897157
DNA methylation	1	EPHX3.10	1	0.005728271851016443	0.005728271851016443
DNA methylation	1	feature_380192	1	0.0016838480184898565	0.0016838480184898565
DNA methylation	1	ANK1.68	1	7.804872786643591e-4	7.804872786643591e-4
DNA methylation	2	feature_348516	5	0.5532809794669393	0.5853044647213911
DNA methylation	2	feature_388837	5	0.20752412181916544	0.24229086609807735
DNA methylation	2	feature_90515	5	0.18969947666474873	0.19725489871722982
DNA methylation	2	feature_20962	5	0.1301373418377824	0.14466854348092065
DNA methylation	2	IL20RA.12	4	0.29470552740525807	0.2732396183394018
DNA methylation	2	feature_295235	4	0.18258295719892711	0.18305519575976992
DNA methylation	2	feature_249110	4	0.1703158944459557	0.21341792362925616
DNA methylation	2	feature_325412	4	0.15092276282013398	0.12321929783188044
DNA methylation	2	feature_356133	3	0.22068969240224637	0.22596564177977127
DNA methylation	2	feature_3263	3	0.181627579962766	0.17440752990797628
DNA methylation	2	feature_75825	3	0.17359565933497584	0.16786805058996784
DNA methylation	2	feature_169696	3	0.09659649735850737	0.1071467181919658
DNA methylation	2	WDR64	3	0.08896692629211106	0.10426397585530377
DNA methylation	2	MYT1L.86	3	0.0762094153889052	0.047715610694327414
DNA methylation	2	TNIK.28	3	0.0701982618418695	0.07168791991286545
DNA methylation	2	feature_255583	3	0.03220635313321679	0.0394443214441848
DNA methylation	2	HRNBP3.88	2	0.5353867073288027	0.5353867073288027
DNA methylation	2	feature_78913	2	0.3805000551884708	0.3805000551884708
DNA methylation	2	feature_257988	2	0.2107089124545157	0.2107089124545157
DNA methylation	2	feature_273264	2	0.16937337848849682	0.16937337848849682
DNA methylation	2	feature_96529	2	0.15150298211333982	0.15150298211333982
DNA methylation	2	C13orf16	2	0.14841820844193362	0.14841820844193362
DNA methylation	2	PIGB.5	2	0.14377867464733254	0.14377867464733254
DNA methylation	2	feature_390889	2	0.1407624945353789	0.1407624945353789
DNA methylation	2	MIR453;MIR485	2	0.14009622951843903	0.14009622951843903
DNA methylation	2	ADARB2.311	2	0.10750332131143368	0.10750332131143368
DNA methylation	2	feature_29074	2	0.08993313746163804	0.08993313746163804
DNA methylation	2	PDE6B.23	2	0.08254003949582034	0.08254003949582034
DNA methylation	2	B4GALNT2.7	2	0.07731949862213594	0.07731949862213594
DNA methylation	2	feature_299344	2	0.06430428739997537	0.06430428739997537
DNA methylation	2	KCNQ2.28	2	0.06300955741445301	0.06300955741445301
DNA methylation	2	feature_72491	2	0.04623189016436341	0.04623189016436341
DNA methylation	2	feature_361329	2	0.027284199394149236	0.027284199394149236
DNA methylation	2	HRNBP3.89	2	0.017134865697963617	0.017134865697963617
DNA methylation	2	CACNA1H.131	1	0.12195598663574382	0.12195598663574382
DNA methylation	2	SIGIRR.5	1	0.1217266584452821	0.1217266584452821
DNA methylation	2	TNRC6C.23	1	0.12020444747837006	0.12020444747837006
DNA methylation	2	DNAH10.28	1	0.11913308742058186	0.11913308742058186
DNA methylation	2	CARD11.30	1	0.11335680205737096	0.11335680205737096
DNA methylation	2	feature_377561	1	0.10550925884075309	0.10550925884075309
DNA methylation	2	KCNQ2.37	1	0.07203272766714536	0.07203272766714536
DNA methylation	2	feature_81679	1	0.07168529061244298	0.07168529061244298
DNA methylation	2	RIT1.8	1	0.06623897597236048	0.06623897597236048
DNA methylation	2	feature_221038	1	0.05866295226810222	0.05866295226810222
DNA methylation	2	EEF1A2.8	1	0.045560094720793545	0.045560094720793545
DNA methylation	2	SYT7.10	1	0.03717625789408817	0.03717625789408817
DNA methylation	2	ADARB2.273	1	0.0371254073489754	0.0371254073489754
DNA methylation	2	DPEP1.3	1	0.03553583084347396	0.03553583084347396
DNA methylation	2	feature_358630	1	0.02993576579563484	0.02993576579563484
DNA methylation	2	PRDM16.263	1	0.028856230252052445	0.028856230252052445
DNA methylation	2	feature_384101	1	0.026642482128275566	0.026642482128275566
DNA methylation	2	feature_220047	1	0.025941924106082762	0.025941924106082762
DNA methylation	2	ZACN.4	1	0.025800013548922505	0.025800013548922505
DNA methylation	2	PTPRN2.370	1	0.014423070450465154	0.014423070450465154
DNA methylation	2	feature_383219	1	0.012444594019801122	0.012444594019801122
DNA methylation	2	CARD11.28	1	0.011134826101275502	0.011134826101275502
DNA methylation	2	KCTD12	1	0.008088915255774378	0.008088915255774378
DNA methylation	2	feature_199980	1	0.0028096603277661353	0.0028096603277661353
RPPA	1	TFRC|TFRC	5	0.46298395131726794	0.4458583248859507
RPPA	1	PIK3CA |PI3K-p110-alpha	5	0.3027978625769172	0.2893823224875529
RPPA	1	NDRG1|NDRG1_pT346	5	0.25428488675275585	0.24136502519409597
RPPA	1	ERBB2|HER2	5	0.22990350829962158	0.22623848749388104
RPPA	1	IGFBP2|IGFBP2	5	0.21843199101996208	0.21928492959661616
RPPA	1	MAPK9|JNK2	5	0.21629525085711465	0.21940544211176888
RPPA	1	PRKCB|PKC-pan_BetaII_pS660	5	0.21396417232924675	0.2127857943936116
RPPA	1	GAB2|GAB2	5	0.20829089274741955	0.2109730190276664
RPPA	1	ERBB3|HER3	5	0.2029893291409951	0.2070015343834428
RPPA	1	GSK3A GSK3B|GSK3-alpha-beta	5	0.19852895814810262	0.20147728030057985
RPPA	1	FOXM1|FoxM1	5	0.19042198871595487	0.1937139381060989
RPPA	1	NOTCH1|Notch1	5	0.1778903588293263	0.1647832713331051
RPPA	1	EIF4EBP1|4E-BP1	5	0.17535871293320984	0.17703468426034633
RPPA	1	INPP4B|INPP4B	5	0.16596834131825622	0.17144103705686534
RPPA	1	ITGA2|CD49b	5	0.13192960531816542	0.13437965347628048
RPPA	1	GAPDH|GAPDH	5	0.12653471939728936	0.1237323677540832
RPPA	1	SERPINE1|PAI-1	5	0.11738084820152025	0.1236695690490457
RPPA	1	DVL3|Dvl3	5	0.11285304990846562	0.11971190960033895
RPPA	1	ERRFI1|MIG-6	5	0.11060894623326992	0.11138293063137322
RPPA	1	CCNB1|Cyclin_B1	5	0.0930936545259239	0.10107368162145765
RPPA	1	PCNA|PCNA	5	0.08728972041114844	0.09968486146402415
RPPA	1	KIT|c-Kit	5	0.08322950568520343	0.10083886214136391
RPPA	1	STAT3|STAT3_pY705	5	0.08239119959064645	0.10165082913324247
RPPA	1	AKT1 AKT2 AKT3|Akt_pT308	5	0.07945047643617095	0.08030673704956845
RPPA	1	ASNS|ASNS	5	0.07226434175307753	0.07449780155959174
RPPA	1	MTOR|mTOR_pS2448	4	0.09906335496403021	0.09616568081716831
RPPA	1	PRKCA |PKC-alpha_pS657	4	0.09564728938599822	0.09375515375903506
RPPA	1	TSC2|Tuberin_pT1462	4	0.08922296930485962	0.10203638768240593
RPPA	1	BCL2L1|Bcl-xL	4	0.08002653848018847	0.07553652732386693
RPPA	1	MSH6|MSH6	4	0.07422248908077032	0.07044550819006315
RPPA	1	CHEK2|Chk2	4	0.055859890891184545	0.04521224403535105
RPPA	1	CLDN7|Claudin-7	4	0.048298225823940215	0.052887272703459165
RPPA	1	RPS6KA1|p90RSK	4	0.045858881977452436	0.03992542545710635
RPPA	1	PRKCA |PKC-alpha	4	0.04156208319303939	0.040552991254870385
RPPA	1	TUBA1B|Acetyl-a-Tubulin-Lys40	4	0.03868358135774673	0.03468739158771038
RPPA	1	RPS6|S6_pS235_S236	4	0.03749625321581264	0.03239919510792072
RPPA	1	MAPK1 MAPK3|MAPK_pT202_Y204	4	0.03211186565895375	0.03181208258456822
RPPA	1	ANXA1|Annexin-1	4	0.030813380965572224	0.03802045665184417
RPPA	1	PDK1|PDK1_pS241	4	0.026451963456508912	0.026489972961281735
RPPA	1	BAD|Bad_pS112	4	0.024247487083993106	0.01809673013637846
RPPA	1	YAP1|YAP_pS127	4	0.015282813747757638	0.01823107125273123
RPPA	1	BECN1|Beclin	3	0.050103674183750425	0.05753169841497244
RPPA	1	MSH2|MSH2	3	0.036115785585881625	0.0413071812191097
RPPA	1	TGM2|Transglutaminase	3	0.030491389662386237	0.029585923372834434
RPPA	1	PRKCD|PKC-delta_pS664	3	0.02705883256720605	0.03591869183965497
RPPA	1	NRG1|Heregulin	3	0.017534926128293608	0.018887477839960566
RPPA	1	XRCC1|XRCC1	3	0.017521663445991733	0.015608301075516647
RPPA	1	PARK7|DJ-1	3	0.012415340904539876	0.014768215799919871
RPPA	1	TP53|p53	2	0.02537207257400979	0.02537207257400979
RPPA	1	CASP7|Caspase-7_cleavedD198	2	0.01874702419277908	0.01874702419277908
RPPA	1	EGFR|EGFR	2	0.01313071072738247	0.01313071072738247
RPPA	1	PECAM1|CD31	2	0.004809610940465261	0.004809610940465261
RPPA	1	YWHAZ|14-3-3_zeta	2	0.0030817233709111084	0.0030817233709111084
RPPA	1	PRKAA1|AMPK_alpha	1	0.028313568181840547	0.028313568181840547
RPPA	1	MAP2K1|MEK1_pS217_S221	1	0.018636539895412686	0.018636539895412686
RPPA	1	TSC2|Tuberin	1	0.013380945153286727	0.013380945153286727
RPPA	1	CCNE1|Cyclin_E1	1	0.012995615223661595	0.012995615223661595
RPPA	1	RAB25|Rab25	1	0.011903526981868091	0.011903526981868091
RPPA	2	PIK3R1 PIK3R2|PI3K-p85	5	0.4464123131340972	0.39842255309835517
RPPA	2	CLDN7|Claudin-7	5	0.4084261024533756	0.3876227015804531
RPPA	2	PREX1|PREX1	5	0.3044509380262315	0.30406418503796256
RPPA	2	LCK|Lck	5	0.22985192563080328	0.22539267563546891
RPPA	2	SYK|Syk	5	0.21406317478860343	0.215522302771471
RPPA	2	CAV1|Caveolin-1	5	0.1935514069518658	0.17829408759738768
RPPA	2	NOTCH1|Notch1	5	0.1580083671098662	0.1463376726860758
RPPA	2	RB1|Rb_pS807_S811	5	0.1376473359235619	0.13805305724507846
RPPA	2	RAB25|Rab25	5	0.13398508599820097	0.1190200642610788
RPPA	2	FASN|FASN	5	0.09836878253100347	0.13124524596139753
RPPA	2	STAT5A|STAT5-alpha	4	0.2127134644246092	0.2101754998468951
RPPA	2	ANXA1|Annexin-1	4	0.17554628409932854	0.15760072808522124
RPPA	2	ATM|ATM	4	0.17001797106075384	0.17298097957286765
RPPA	2	PRKAA1|AMPK_pT172	4	0.14974569341566893	0.14102540647198686
RPPA	2	NF2|NF2	4	0.14227229344776754	0.1567265753146353
RPPA	2	MYH9|Myosin-IIa-pS1943	4	0.13887621492991883	0.13180380144414405
RPPA	2	TGM2|Transglutaminase	4	0.1385895273268187	0.12894285990700866
RPPA	2	KIT|c-Kit	4	0.12076766549128204	0.11779031578277845
RPPA	2	CCNE2|Cyclin_E2	4	0.11904766586815035	0.10937000030908532
RPPA	2	MAPK14|p38_MAPK	4	0.11736653525315634	0.12079933083077532
RPPA	2	CASP7|Caspase-7_cleavedD198	4	0.1090109975765819	0.10956794676823318
RPPA	2	DIABLO|Smac	4	0.1007299403600932	0.11669797704714688
RPPA	2	PRKAA1|AMPK_alpha	4	0.09222547128012877	0.09234825543959127
RPPA	2	AKT1 AKT2 AKT3|Akt_pS473	4	0.09163769147084086	0.07286928738388204
RPPA	2	CCNB1|Cyclin_B1	4	0.09146031667464655	0.09523323303216454
RPPA	2	MAPK1|ERK2	4	0.06762127001788677	0.07398152633532225
RPPA	2	STK11|LKB1	4	0.06651525827401567	0.05845008047125266
RPPA	2	PRKCA |PKC-alpha	4	0.06410134833940212	0.0659055243150912
RPPA	2	PRKCA |PKC-alpha_pS657	4	0.06379655664214667	0.05927258822887287
RPPA	2	PEA15|PEA15	4	0.06133963633069873	0.0652690238444101
RPPA	2	MSH6|MSH6	3	0.09421179510346066	0.09656974826298673
RPPA	2	PDK1|PDK1_pS241	3	0.07315409710419353	0.0742899897199107
RPPA	2	PTEN|PTEN	3	0.06061156218599675	0.06257480141018948
RPPA	2	BAK1|Bak	3	0.056776988672663314	0.05232129676632102
RPPA	2	MTOR|mTOR	3	0.050251539981536864	0.05023268333276856
RPPA	2	PIK3CA |PI3K-p110-alpha	3	0.044294519994326764	0.042028553837500635
RPPA	2	RICTOR|Rictor	3	0.036910061237639	0.016729005425845236
RPPA	2	CDKN1B|p27	3	0.03576127928985559	0.03680809482617495
RPPA	2	BCL2|Bcl-2	3	0.0354048826687207	0.03354085849075964
RPPA	2	CHEK2|Chk2	3	0.03301104238989478	0.010060656290832488
RPPA	2	XRCC1|XRCC1	3	0.03115668041308779	0.03199876271264503
RPPA	2	IGFBP2|IGFBP2	3	0.02708082588775034	0.02646936097185205
RPPA	2	EIF4EBP1|4E-BP1_pT37T46	3	0.02683170448443434	0.03351309203335486
RPPA	2	EIF4EBP1|4E-BP1_pS65	3	0.016005587201360683	0.011796102903193504
RPPA	2	FOXO3|FOXO3a_pS318_S321	3	0.012742545312842584	0.014757361531776264
RPPA	2	CDH1|E-Cadherin	2	0.07729705562661199	0.07729705562661199
RPPA	2	MTOR|mTOR_pS2448	2	0.056554633432570875	0.056554633432570875
RPPA	2	ACACA|ACC1	2	0.03627736992507975	0.03627736992507975
RPPA	2	CDKN1B|p27_pT198	2	0.031111764078245632	0.031111764078245632
RPPA	2	RPS6KA1|p90RSK	2	0.02942524858321473	0.02942524858321473
RPPA	2	PRKCB|PKC-pan_BetaII_pS660	2	0.019057197582369033	0.019057197582369033
RPPA	2	PGR|PR	2	0.008066385590546945	0.008066385590546945
RPPA	2	CHEK1|Chk1	2	0.007185103762356964	0.007185103762356964
RPPA	2	ESR1|ER-alpha	1	0.08204351608948657	0.08204351608948657
RPPA	2	SRSF1|SF2	1	0.06554454869173916	0.06554454869173916
RPPA	2	SCD1|SCD1	1	0.031678699083542636	0.031678699083542636
RPPA	2	EIF4EBP1|4E-BP1	1	0.02844890287587909	0.02844890287587909
RPPA	2	YWHAZ|14-3-3_zeta	1	0.027522143501559706	0.027522143501559706
RPPA	2	PRKCD|PKC-delta_pS664	1	0.02543309122947379	0.02543309122947379
RPPA	2	EGFR|EGFR	1	0.02523082423019879	0.02523082423019879
RPPA	2	MAPK9|JNK2	1	0.022236888629145145	0.022236888629145145
RPPA	2	BAP1|Bap1-c-4	1	0.021318770500363318	0.021318770500363318
RPPA	2	AKT1 AKT2 AKT3|Akt_pT308	1	0.02127323978956503	0.02127323978956503
RPPA	2	ACACA ACACB|ACC_pS79	1	0.020036451772832527	0.020036451772832527
RPPA	2	SHC1|Shc_pY317	1	0.01880543914670719	0.01880543914670719
RPPA	2	PRDX1|PRDX1	1	0.0174956938732407	0.0174956938732407
RPPA	2	KDR|VEGFR2	1	0.016989228206544662	0.016989228206544662
RPPA	2	AKT1 AKT2 AKT3|Akt	1	0.016539881831172706	0.016539881831172706
RPPA	2	GSK3A GSK3B|GSK3-alpha-beta	1	0.007530613228634598	0.007530613228634598
RPPA	2	PXN|Paxillin	1	0.006966292935283225	0.006966292935283225
RPPA	2	EIF4EBP1|4E-BP1_pT70	1	0.005514484491574554	0.005514484491574554
RPPA	2	RPS6|S6	1	8.665931345228944e-4	8.665931345228944e-4
Y	1	LUAD	5	0.7071067811865475	0.7071067811865475
Y	1	LUSC	5	0.7071067811865475	0.7071067811865475
Y	2	LUAD	5	0.7071067811865476	0.7071067811865476
Y	2	LUSC	5	0.7071067811865476	0.7071067811865476
mRNA	1	PVRL1	5	0.3128933519522964	0.24643593234663078
mRNA	1	TRIM29	5	0.2908187305852708	0.23292450710327453
mRNA	1	PERP	5	0.2315195764182853	0.2112786923926885
mRNA	1	TP63	5	0.21579835523951912	0.20980678594217092
mRNA	1	PKP1	5	0.21428301721914816	0.1997886690590958
mRNA	1	DSC3	5	0.19769289937097717	0.1971352306589347
mRNA	1	KRT5	5	0.19072954107371143	0.19241093932675102
mRNA	1	SLC6A8	5	0.18354967549891765	0.18890543763473627
mRNA	1	PSMD2	5	0.15530191411052288	0.17464707085612685
mRNA	1	AP2M1	5	0.06565006193009061	0.04387764935270205
mRNA	1	ATP1B3	4	0.17721842861824336	0.1794379607527935
mRNA	1	JUP	4	0.16740575513993178	0.16697937433851745
mRNA	1	SLC2A1	4	0.16181426953910116	0.1621786052934161
mRNA	1	DSG3	4	0.15585170509578472	0.15171992230653736
mRNA	1	EIF4G1	4	0.1509695757783361	0.1508421307151938
mRNA	1	MUC1	4	0.14793746093929028	0.14818983911426636
mRNA	1	KRT6A	4	0.1378722924218499	0.13761316502437412
mRNA	1	GPC1	4	0.13339191467104575	0.13342769853293046
mRNA	1	CALML3	4	0.12766067276989576	0.12563141018931007
mRNA	1	COL7A1	4	0.12443095779379898	0.11969273455700777
mRNA	1	DST	4	0.12418856382298614	0.12292698348201636
mRNA	1	ABCC5	4	0.12328221827682019	0.11760533136622683
mRNA	1	CD9	4	0.12252137049357056	0.12270782004893382
mRNA	1	CD63	4	0.12017281490632181	0.11993462021690685
mRNA	1	DSP	4	0.11990043527142458	0.11892176552891792
mRNA	1	NTRK2	4	0.11885543234176987	0.11917247801665753
mRNA	1	ITGA6	4	0.1112727214154811	0.11028805249072623
mRNA	1	ATP11A	4	0.1095213040525618	0.10985688499308688
mRNA	1	SLC34A2	4	0.10944431901889198	0.10990457071458071
mRNA	1	SFN	4	0.1065481974345267	0.10021354655976866
mRNA	1	CLCA2	4	0.10518322863546735	0.10437693093147551
mRNA	1	FSCN1	4	0.10312316296426707	0.10148060457613337
mRNA	1	CLSTN1	4	0.0989567281883794	0.09914974774414383
mRNA	1	DDR1	4	0.09872603565339588	0.09915651208068202
mRNA	1	KRT17	4	0.09445215590636392	0.09284143133497015
mRNA	1	GAPDH	4	0.09277045272764979	0.08240495955578134
mRNA	1	C1orf116	4	0.08256495045133269	0.08243766723373794
mRNA	1	TPI1	4	0.08187002690828694	0.07941339864646432
mRNA	1	QSOX1.1	4	0.0818451866497847	0.08422506164773995
mRNA	1	ABCC1	4	0.08032076175433278	0.07822395000946658
mRNA	1	GPI	4	0.07927379963196006	0.07483163636477788
mRNA	1	EIF4A2	4	0.07760180652234093	0.07181735262836672
mRNA	1	TRAM1	4	0.07759407809034644	0.07749753733052145
mRNA	1	TFRC	4	0.07703323982566318	0.06994308553408336
mRNA	1	NAPSA	4	0.0761265575131411	0.07839289295154053
mRNA	1	RPL35A	4	0.0730841674100153	0.07011050443412663
mRNA	1	CEACAM6	4	0.0683814489932399	0.07006992656615077
mRNA	1	GJA1	4	0.06752608260038358	0.06667606549086785
mRNA	1	CD46	4	0.06588732855723634	0.06498768535265856
mRNA	1	NDRG1	4	0.06317457490773434	0.0588930791440256
mRNA	1	FXYD3	4	0.06145592297258247	0.06051771082328823
mRNA	1	KRT15	4	0.06086251157201774	0.06174115903633795
mRNA	1	MALL	4	0.0588756944890062	0.05692072587578527
mRNA	1	ITGB4	4	0.05855863133732802	0.059265209875031255
mRNA	1	CD44	4	0.05689758522143555	0.053762497650286345
mRNA	1	HSPB1	4	0.054549334359983805	0.052845893871692404
mRNA	1	GPRC5A	4	0.05260262054879807	0.05079032111041125
mRNA	1	KRT19	4	0.0520343176947967	0.05013669478696445
mRNA	1	KRT7	4	0.0506646624745975	0.045200520286514306
mRNA	1	CLDN1	4	0.05019544937393319	0.041021847300418274
mRNA	1	LPCAT1	4	0.048671463326414706	0.04226548870941365
mRNA	1	EPCAM	4	0.04676041553009701	0.049039275453263594
mRNA	1	CTSD	4	0.0451640775012086	0.046450960758056103
mRNA	1	TUBB	4	0.03823544638161044	0.034130159259504925
mRNA	1	ATP5B	4	0.035467614316235394	0.034672117558969665
mRNA	1	TMBIM6	4	0.03473502290466008	0.03599821291617171
mRNA	1	PTPRF	4	0.03366204040971207	0.03580911254140719
mRNA	1	NOTCH3	4	0.03340687841822889	0.03599672870472538
mRNA	1	NCL	4	0.03109303237275584	0.035687981353015444
mRNA	1	RNASE1	4	0.030173574477829798	0.03210429830852045
mRNA	1	CD55	4	0.029631309638392174	0.030264686803685187
mRNA	1	C8orf4	4	0.028629922999054258	0.03041065736156642
mRNA	1	SFTPB	4	0.02770417532986669	0.02931044027993805
mRNA	1	ICAM1	4	0.026656117868752643	0.02568865400354585
mRNA	1	XBP1	4	0.026166925396062402	0.0245651364179401
mRNA	1	CD74	4	0.02262665718551906	0.022314565257168295
mRNA	1	TXNIP	4	0.0217439176514503	0.017850613377082603
mRNA	1	PKM2	4	0.015501852757261386	0.010814574017662308
mRNA	1	ERRFI1	4	0.010473298770107577	0.009231740151598673
mRNA	1	HLA-DPA1	4	0.008693553391651466	0.008323020063251432
mRNA	1	TUBA1C	3	0.12309349156632335	0.12393859266343678
mRNA	1	MVP	3	0.10231527344344768	0.09834723717588179
mRNA	1	SGK1	3	0.09470913035268215	0.0893138874415712
mRNA	1	CAPN2	3	0.05873497952574648	0.05529294274614028
mRNA	1	GPR116	3	0.0576392221501319	0.058675197259157354
mRNA	1	COL17A1	3	0.025696015254511016	0.018495882540859737
mRNA	1	LGALS3BP	3	0.021454208958664216	0.02251957375021215
mRNA	1	S100A2	3	0.016751110625042115	0.004593575054128209
mRNA	1	F11R	3	0.014887113015950148	0.011057283815658087
mRNA	1	SLC7A5	3	0.013972918993119227	0.016023228635708372
mRNA	1	RPS27A	3	0.011142316546910468	0.009262902541080073
mRNA	1	A2M	3	0.010407416035221613	0.006791607057146743
mRNA	1	APLP2	3	0.010123243573269613	0.004369798356954738
mRNA	1	SPRR1B	3	0.007493407157366772	0.002338079753831346
mRNA	1	S100A11	3	0.004865596548296201	0.00437704142465836
mRNA	1	KRT6C	3	0.00357611427473542	0.0033451652879643023
mRNA	1	HLA-DPB1	3	0.002256022921947547	0.0029299174665819465
mRNA	1	JAG1	2	0.189309566596568	0.189309566596568
mRNA	1	CSTA	2	0.05117054834651072	0.05117054834651072
mRNA	1	HOPX	2	0.028887522680525576	0.028887522680525576
mRNA	1	SDC4	2	0.021368120435623368	0.021368120435623368
mRNA	1	KRT6B	2	0.018524207257154108	0.018524207257154108
mRNA	1	C16orf89	2	0.005777598835702035	0.005777598835702035
mRNA	1	ABCA3	2	0.005605318367653277	0.005605318367653277
mRNA	1	SDC1	2	0.004941185970207737	0.004941185970207737
mRNA	1	AGR2	2	0.004512543284560614	0.004512543284560614
mRNA	1	IGFBP2	2	0.0013262219738894754	0.0013262219738894754
mRNA	1	NFE2L2	1	0.12654398626845642	0.12654398626845642
mRNA	1	GOLM1	1	0.08567530841102237	0.08567530841102237
mRNA	1	STEAP4	1	0.0499198262325989	0.0499198262325989
mRNA	1	WFDC2	1	0.02173628236833073	0.02173628236833073
mRNA	1	CLDN4	1	0.016559973080931135	0.016559973080931135
mRNA	1	CXCL17	1	0.009954469896376836	0.009954469896376836
mRNA	1	SCNN1A	1	0.007802649177789635	0.007802649177789635
mRNA	1	YBX1	1	0.004224245590681576	0.004224245590681576
mRNA	1	KRT18	1	0.002834012181995084	0.002834012181995084
mRNA	2	CD74	5	0.4157841033320247	0.44927049535062547
mRNA	2	EPCAM	5	0.41128716001181714	0.4112835235514092
mRNA	2	HLA-DPB1	5	0.3846893881008812	0.4230447597857514
mRNA	2	HLA-DRA	5	0.3344315452460389	0.3490654613158369
mRNA	2	HLA-E	5	0.2948545177172325	0.31017446007934507
mRNA	2	HLA-DPA1	5	0.20950128419291383	0.21992241461374942
mRNA	2	B2M	5	0.19061211872884534	0.2431921690160493
mRNA	2	HLA-DRB1	5	0.14272761396560837	0.14375433597979628
mRNA	2	HMGB3	4	0.08887301023187995	0.07302647993554512
mRNA	2	HLA-B	3	0.15071718286991748	0.1622681115707363
mRNA	2	ADAM6	3	0.06472650122598429	0.05796982002044036
mRNA	2	LAPTM5	2	0.3556263193655044	0.3556263193655044
mRNA	2	IFI30	2	0.17173258009530368	0.17173258009530368
mRNA	2	HLA-DQA1	2	0.14882984705201702	0.14882984705201702
mRNA	2	C1S	2	0.13480944709683024	0.13480944709683024
mRNA	2	MMP2	2	0.12123045146034445	0.12123045146034445
mRNA	2	PSAP	2	0.10800447059785315	0.10800447059785315
mRNA	2	PDIA4	2	0.10795342462436944	0.10795342462436944
mRNA	2	CTSB	2	0.10142547084889228	0.10142547084889228
mRNA	2	SFRP2	2	0.07444925116015363	0.07444925116015363
mRNA	2	LAPTM4B	2	0.0673969142048525	0.0673969142048525
mRNA	2	COL6A2	2	0.0657591371523672	0.0657591371523672
mRNA	2	CPS1	2	0.044671009420354874	0.044671009420354874
mRNA	2	S100P	2	0.04288146005380586	0.04288146005380586
mRNA	2	HLA-DQB1	2	0.041473201318354275	0.041473201318354275
mRNA	2	MSN	2	0.021984980594999454	0.021984980594999454
mRNA	2	STAT1	1	0.15145538609964487	0.15145538609964487
mRNA	2	GOLM1	1	0.13235798019273814	0.13235798019273814
mRNA	2	WARS	1	0.12638071404460646	0.12638071404460646
mRNA	2	ATP1B1	1	0.11905913390717028	0.11905913390717028
mRNA	2	SCNN1A	1	0.10993962862535983	0.10993962862535983
mRNA	2	LGALS1	1	0.08891649246040245	0.08891649246040245
mRNA	2	APOE	1	0.08731538811080547	0.08731538811080547
mRNA	2	COL6A1	1	0.07162623945878507	0.07162623945878507
mRNA	2	MT2A	1	0.06579146876678237	0.06579146876678237
mRNA	2	BMS1P20	1	0.06413816745928533	0.06413816745928533
mRNA	2	COL6A3	1	0.062989159227167	0.062989159227167
mRNA	2	KRT18	1	0.061373884616810016	0.061373884616810016
mRNA	2	VIM	1	0.05509520610216453	0.05509520610216453
mRNA	2	COL3A1	1	0.04875690066688297	0.04875690066688297
mRNA	2	KRT8	1	0.04521179084758265	0.04521179084758265
mRNA	2	HLA-C	1	0.045089739692180046	0.045089739692180046
mRNA	2	POSTN	1	0.04282809197309876	0.04282809197309876
mRNA	2	SOD2	1	0.030870697667733253	0.030870697667733253
mRNA	2	CD44	1	0.020115451193631662	0.020115451193631662
mRNA	2	FURIN	1	0.016965767408352685	0.016965767408352685
mRNA	2	FLNA	1	0.01648819045956959	0.01648819045956959
mRNA	2	HLA-DRB5	1	0.013759773876767573	0.013759773876767573
mRNA	2	TXNRD1	1	0.00796966688809594	0.00796966688809594
mRNA	2	MMP14	1	0.003467394710042163	0.003467394710042163
mRNA	2	LYZ	1	0.0028907123468940982	0.0028907123468940982
