layer	PC	variance_explained	variance_explained_percent
mRNA	PC1	0.10783700978129677	10.784
mRNA	PC2	0.05814806560814445	5.815
mRNA	PC3	0.04146458772280671	4.146
mRNA	PC4	0.03482067867320205	3.482
mRNA	PC5	0.027099265661295453	2.71
mRNA	PC6	0.025961999463734696	2.596
mRNA	PC7	0.018501227993807864	1.85
mRNA	PC8	0.017669196823546424	1.767
mRNA	PC9	0.015522369490418877	1.552
mRNA	PC10	0.014149255177688284	1.415
mRNA	PC11	0.013103804872614103	1.31
mRNA	PC12	0.011839927219320829	1.184
mRNA	PC13	0.010810103712392041	1.081
mRNA	PC14	0.010665097792851012	1.067
mRNA	PC15	0.009291404542963516	0.929
mRNA	PC16	0.008347490956894	0.835
mRNA	PC17	0.0080203763783976	0.802
mRNA	PC18	0.007316297396599499	0.732
mRNA	PC19	0.007157696761809487	0.716
mRNA	PC20	0.007105841506252542	0.711
mRNA	PC21	0.0066618667548960005	0.666
mRNA	PC22	0.006373862711644686	0.637
mRNA	PC23	0.006126263185635844	0.613
mRNA	PC24	0.0059362502658381455	0.594
mRNA	PC25	0.005765863388872844	0.577
mRNA	PC26	0.005672078683030712	0.567
mRNA	PC27	0.005507595437867368	0.551
mRNA	PC28	0.005392005060721158	0.539
mRNA	PC29	0.005223910769197339	0.522
mRNA	PC30	0.005050484652114632	0.505
mRNA	PC31	0.004909355407591413	0.491
mRNA	PC32	0.00483986202875102	0.484
mRNA	PC33	0.004769520778539269	0.477
mRNA	PC34	0.00467828120375195	0.468
mRNA	PC35	0.004535827478561625	0.454
mRNA	PC36	0.004439574657661174	0.444
mRNA	PC37	0.004267003749568125	0.427
mRNA	PC38	0.004157839227650664	0.416
mRNA	PC39	0.004106668648132727	0.411
mRNA	PC40	0.0040492404780657345	0.405
mRNA	PC41	0.003933642398198991	0.393
mRNA	PC42	0.0038654571681511164	0.387
mRNA	PC43	0.0037818931567238393	0.378
mRNA	PC44	0.003678512166861508	0.368
mRNA	PC45	0.0036502630094251017	0.365
mRNA	PC46	0.003593989476965629	0.359
mRNA	PC47	0.003554593959210841	0.355
mRNA	PC48	0.003493743186761676	0.349
mRNA	PC49	0.0034305810260201403	0.343
mRNA	PC50	0.0033881244834634977	0.339
mRNA	PC51	0.0033405859713458697	0.334
mRNA	PC52	0.0033278477341311635	0.333
mRNA	PC53	0.003214502634097052	0.321
mRNA	PC54	0.0031797726452064204	0.318
mRNA	PC55	0.0031174447611475803	0.312
mRNA	PC56	0.0030822208944117756	0.308
mRNA	PC57	0.0030249389237882052	0.302
mRNA	PC58	0.0029771882642691005	0.298
mRNA	PC59	0.0029702348033159554	0.297
mRNA	PC60	0.0028991379857586145	0.29
mRNA	PC61	0.0028642492916840998	0.286
mRNA	PC62	0.002847287968267257	0.285
mRNA	PC63	0.0027670958587484684	0.277
mRNA	PC64	0.002724464707343268	0.272
mRNA	PC65	0.0027030175312206797	0.27
mRNA	PC66	0.0026798475294869868	0.268
mRNA	PC67	0.002648902998848742	0.265
mRNA	PC68	0.0026018629812159366	0.26
mRNA	PC69	0.002556011646896688	0.256
mRNA	PC70	0.0025296746761327973	0.253
mRNA	PC71	0.0025059398582075927	0.251
mRNA	PC72	0.0024865248182101927	0.249
mRNA	PC73	0.0024684689872201114	0.247
mRNA	PC74	0.002429648683933967	0.243
mRNA	PC75	0.0024184012218088358	0.242
mRNA	PC76	0.002359387664820312	0.236
mRNA	PC77	0.0023388797015012406	0.234
mRNA	PC78	0.0023209863123422997	0.232
mRNA	PC79	0.0022959655167371766	0.23
mRNA	PC80	0.0022699112013890173	0.227
mRNA	PC81	0.002238226467408175	0.224
mRNA	PC82	0.0022099502563209584	0.221
mRNA	PC83	0.0021960703814063337	0.22
mRNA	PC84	0.002161747844717026	0.216
mRNA	PC85	0.0021556918656443066	0.216
mRNA	PC86	0.002115392294457371	0.212
mRNA	PC87	0.002083867267638923	0.208
mRNA	PC88	0.0020631422410905035	0.206
mRNA	PC89	0.0020280709087756813	0.203
mRNA	PC90	0.00202134302661159	0.202
mRNA	PC91	0.00199748317214493	0.2
mRNA	PC92	0.0019925228352197628	0.199
mRNA	PC93	0.001975296159808178	0.198
mRNA	PC94	0.001956262819524253	0.196
mRNA	PC95	0.001933235188481867	0.193
mRNA	PC96	0.0019173815073310174	0.192
mRNA	PC97	0.001907969657420044	0.191
mRNA	PC98	0.0018704038515242982	0.187
mRNA	PC99	0.0018638373095859035	0.186
mRNA	PC100	0.0018458646402383704	0.185
mRNA	PC101	0.001820203460522739	0.182
mRNA	PC102	0.001804141003057169	0.18
mRNA	PC103	0.0017912855480460863	0.179
mRNA	PC104	0.001784117491168534	0.178
mRNA	PC105	0.0017753575976933757	0.178
mRNA	PC106	0.0017572998243531857	0.176
mRNA	PC107	0.0017346440251412786	0.173
mRNA	PC108	0.001728783508810896	0.173
mRNA	PC109	0.0017156812626970637	0.172
mRNA	PC110	0.0016987226009034363	0.17
mRNA	PC111	0.0016919816509387506	0.169
mRNA	PC112	0.0016853937931669712	0.169
mRNA	PC113	0.001680077464946885	0.168
mRNA	PC114	0.0016558779200061082	0.166
mRNA	PC115	0.0016290181822772845	0.163
mRNA	PC116	0.0016267671211157935	0.163
mRNA	PC117	0.0016057468550708172	0.161
mRNA	PC118	0.0015942169428576835	0.159
mRNA	PC119	0.0015887405008137017	0.159
mRNA	PC120	0.0015659419646541033	0.157
mRNA	PC121	0.0015522817148581043	0.155
mRNA	PC122	0.0015380535134665455	0.154
mRNA	PC123	0.0015354616274800546	0.154
mRNA	PC124	0.0015282817522136258	0.153
mRNA	PC125	0.0015106961487535017	0.151
mRNA	PC126	0.0014949299968686322	0.149
mRNA	PC127	0.0014915944601567909	0.149
mRNA	PC128	0.0014699626976163623	0.147
mRNA	PC129	0.0014589339656775563	0.146
mRNA	PC130	0.001453226244307704	0.145
mRNA	PC131	0.0014381824320672068	0.144
mRNA	PC132	0.0014360249593341257	0.144
mRNA	PC133	0.0014269059109006756	0.143
mRNA	PC134	0.0014168813389417842	0.142
mRNA	PC135	0.0014046206083027828	0.14
mRNA	PC136	0.0013951689070655978	0.14
mRNA	PC137	0.001384612812640957	0.138
mRNA	PC138	0.0013764247167850617	0.138
mRNA	PC139	0.0013719702519474628	0.137
mRNA	PC140	0.001362778157762325	0.136
mRNA	PC141	0.0013400758378589546	0.134
mRNA	PC142	0.0013339065746527559	0.133
mRNA	PC143	0.0013218642682173499	0.132
mRNA	PC144	0.0013144817156641585	0.131
mRNA	PC145	0.0013080350801652	0.131
mRNA	PC146	0.0012992321234071287	0.13
mRNA	PC147	0.0012924046544042984	0.129
mRNA	PC148	0.0012787829202933739	0.128
mRNA	PC149	0.0012741554581178886	0.127
mRNA	PC150	0.0012598633401965339	0.126
mRNA	PC151	0.0012492198085020218	0.125
mRNA	PC152	0.0012454272702543897	0.125
mRNA	PC153	0.0012399538601642508	0.124
mRNA	PC154	0.0012381122587139673	0.124
mRNA	PC155	0.0012226313874388142	0.122
mRNA	PC156	0.0012164659749722608	0.122
mRNA	PC157	0.001212282442178827	0.121
mRNA	PC158	0.0012080243374864503	0.121
mRNA	PC159	0.00120368517137473	0.12
mRNA	PC160	0.0011918807590423173	0.119
mRNA	PC161	0.001186628432308251	0.119
mRNA	PC162	0.00117892707416126	0.118
mRNA	PC163	0.0011689950526499852	0.117
mRNA	PC164	0.0011588704496213176	0.116
mRNA	PC165	0.0011531336265062384	0.115
mRNA	PC166	0.0011514745792531914	0.115
mRNA	PC167	0.0011475506042628013	0.115
mRNA	PC168	0.0011277774286458614	0.113
mRNA	PC169	0.0011259086269130103	0.113
mRNA	PC170	0.0011154142726872963	0.112
mRNA	PC171	0.0011096233148415254	0.111
mRNA	PC172	0.0010980708065156564	0.11
mRNA	PC173	0.0010936056660672086	0.109
mRNA	PC174	0.0010876872050267614	0.109
mRNA	PC175	0.0010869212271811587	0.109
mRNA	PC176	0.00108500753490618	0.109
mRNA	PC177	0.001073301657536541	0.107
mRNA	PC178	0.001067684447588746	0.107
mRNA	PC179	0.0010579024319831954	0.106
mRNA	PC180	0.0010535179255141878	0.105
mRNA	PC181	0.0010512334393054676	0.105
mRNA	PC182	0.00103563323525217	0.104
mRNA	PC183	0.0010328962425966938	0.103
mRNA	PC184	0.0010244701876202826	0.102
mRNA	PC185	0.0010172434509162808	0.102
mRNA	PC186	0.001008208938277237	0.101
mRNA	PC187	0.0010053061713308016	0.101
mRNA	PC188	0.0010011902604677343	0.1
mRNA	PC189	9.90868347616483e-4	0.099
mRNA	PC190	9.897125184773724e-4	0.099
mRNA	PC191	9.842186885384574e-4	0.098
mRNA	PC192	9.811584606677264e-4	0.098
mRNA	PC193	9.713618891127877e-4	0.097
mRNA	PC194	9.635992179541654e-4	0.096
mRNA	PC195	9.60615843181989e-4	0.096
mRNA	PC196	9.536205514768892e-4	0.095
mRNA	PC197	9.512238565482358e-4	0.095
mRNA	PC198	9.434251734260298e-4	0.094
mRNA	PC199	9.412473078352384e-4	0.094
mRNA	PC200	9.397183225312413e-4	0.094
mRNA	PC201	9.293867030153262e-4	0.093
mRNA	PC202	9.284143202528409e-4	0.093
mRNA	PC203	9.166836457092082e-4	0.092
mRNA	PC204	9.106000345655977e-4	0.091
mRNA	PC205	9.067556444994953e-4	0.091
mRNA	PC206	9.030052319943314e-4	0.09
mRNA	PC207	9.004127317962186e-4	0.09
mRNA	PC208	8.95037684853266e-4	0.09
mRNA	PC209	8.917996770639338e-4	0.089
mRNA	PC210	8.862786718091888e-4	0.089
mRNA	PC211	8.86092149038505e-4	0.089
mRNA	PC212	8.801002659565324e-4	0.088
mRNA	PC213	8.767864579036451e-4	0.088
mRNA	PC214	8.701165382622106e-4	0.087
mRNA	PC215	8.677020524439567e-4	0.087
mRNA	PC216	8.65596722181772e-4	0.087
mRNA	PC217	8.622450034182374e-4	0.086
mRNA	PC218	8.578651175469819e-4	0.086
mRNA	PC219	8.529113353459373e-4	0.085
mRNA	PC220	8.476918883759927e-4	0.085
mRNA	PC221	8.434510372602343e-4	0.084
mRNA	PC222	8.406805084471916e-4	0.084
mRNA	PC223	8.390576942717476e-4	0.084
mRNA	PC224	8.303916068555057e-4	0.083
mRNA	PC225	8.246569906460399e-4	0.082
mRNA	PC226	8.208929631472316e-4	0.082
mRNA	PC227	8.109218707294022e-4	0.081
mRNA	PC228	8.10474368094825e-4	0.081
mRNA	PC229	8.077384996698414e-4	0.081
mRNA	PC230	7.997498274551404e-4	0.08
mRNA	PC231	7.963551316209475e-4	0.08
mRNA	PC232	7.92537638008641e-4	0.079
mRNA	PC233	7.896289342966019e-4	0.079
mRNA	PC234	7.857060288071585e-4	0.079
mRNA	PC235	7.79935807416539e-4	0.078
mRNA	PC236	7.7667932058605e-4	0.078
mRNA	PC237	7.719983246815822e-4	0.077
mRNA	PC238	7.660532768069538e-4	0.077
mRNA	PC239	7.659898414962698e-4	0.077
mRNA	PC240	7.6494876678325e-4	0.076
mRNA	PC241	7.609639789130524e-4	0.076
mRNA	PC242	7.54987333753355e-4	0.075
mRNA	PC243	7.528266149328205e-4	0.075
mRNA	PC244	7.455170286568317e-4	0.075
mRNA	PC245	7.3886987898008e-4	0.074
mRNA	PC246	7.387624465168365e-4	0.074
mRNA	PC247	7.317198115212004e-4	0.073
mRNA	PC248	7.295803675573959e-4	0.073
mRNA	PC249	7.291877262263271e-4	0.073
mRNA	PC250	7.249862293396747e-4	0.072
mRNA	PC251	7.206899881640153e-4	0.072
mRNA	PC252	7.182546711309156e-4	0.072
mRNA	PC253	7.148164467320945e-4	0.071
mRNA	PC254	7.090301768493557e-4	0.071
mRNA	PC255	7.049746292863222e-4	0.07
mRNA	PC256	7.037597256707194e-4	0.07
mRNA	PC257	7.00830606109221e-4	0.07
mRNA	PC258	6.953068550749894e-4	0.07
mRNA	PC259	6.943834662251897e-4	0.069
mRNA	PC260	6.892738862665325e-4	0.069
mRNA	PC261	6.867836782287215e-4	0.069
mRNA	PC262	6.816899603026402e-4	0.068
mRNA	PC263	6.784880747442045e-4	0.068
mRNA	PC264	6.754077860194671e-4	0.068
mRNA	PC265	6.720657981691903e-4	0.067
mRNA	PC266	6.703184186788822e-4	0.067
mRNA	PC267	6.626653439290922e-4	0.066
mRNA	PC268	6.585869330123649e-4	0.066
mRNA	PC269	6.572637989797715e-4	0.066
mRNA	PC270	6.531009279568741e-4	0.065
mRNA	PC271	6.5026475766363e-4	0.065
mRNA	PC272	6.493970318550347e-4	0.065
mRNA	PC273	6.48265172853434e-4	0.065
mRNA	PC274	6.430208513436436e-4	0.064
mRNA	PC275	6.420728073878883e-4	0.064
mRNA	PC276	6.357225855302e-4	0.064
mRNA	PC277	6.332068005030572e-4	0.063
mRNA	PC278	6.318831227629987e-4	0.063
mRNA	PC279	6.289971768753591e-4	0.063
mRNA	PC280	6.249091155752871e-4	0.062
mRNA	PC281	6.218152674494647e-4	0.062
mRNA	PC282	6.202546770436968e-4	0.062
mRNA	PC283	6.14072962010213e-4	0.061
mRNA	PC284	6.111843168443607e-4	0.061
mRNA	PC285	6.109841993637303e-4	0.061
mRNA	PC286	6.083900175897238e-4	0.061
mRNA	PC287	6.053102628430082e-4	0.061
mRNA	PC288	6.028148319305169e-4	0.06
mRNA	PC289	5.989470524759562e-4	0.06
mRNA	PC290	5.933035082440955e-4	0.059
mRNA	PC291	5.917289864056795e-4	0.059
mRNA	PC292	5.896898103300292e-4	0.059
mRNA	PC293	5.86323440947261e-4	0.059
mRNA	PC294	5.807272477325789e-4	0.058
mRNA	PC295	5.761010584741888e-4	0.058
mRNA	PC296	5.733340746382753e-4	0.057
mRNA	PC297	5.723646086250019e-4	0.057
mRNA	PC298	5.708106753954625e-4	0.057
mRNA	PC299	5.697845827617051e-4	0.057
mRNA	PC300	5.670087111760318e-4	0.057
mRNA	PC301	5.617601928803277e-4	0.056
mRNA	PC302	5.602831777657176e-4	0.056
mRNA	PC303	5.582486930566347e-4	0.056
mRNA	PC304	5.515898050522457e-4	0.055
mRNA	PC305	5.513144246851835e-4	0.055
mRNA	PC306	5.482138937808098e-4	0.055
mRNA	PC307	5.451307267150863e-4	0.055
mRNA	PC308	5.434762957861155e-4	0.054
mRNA	PC309	5.412834158839679e-4	0.054
mRNA	PC310	5.38926944938304e-4	0.054
mRNA	PC311	5.36263996629158e-4	0.054
mRNA	PC312	5.353819934355041e-4	0.054
mRNA	PC313	5.338254237681055e-4	0.053
mRNA	PC314	5.311686310949504e-4	0.053
mRNA	PC315	5.272628265514366e-4	0.053
mRNA	PC316	5.246310158944816e-4	0.052
mRNA	PC317	5.204747365780715e-4	0.052
mRNA	PC318	5.171775480652596e-4	0.052
mRNA	PC319	5.160738683230954e-4	0.052
mRNA	PC320	5.145675270698444e-4	0.051
mRNA	PC321	5.127524830284274e-4	0.051
mRNA	PC322	5.104393114208537e-4	0.051
mRNA	PC323	5.074804102104283e-4	0.051
mRNA	PC324	5.042913575694736e-4	0.05
mRNA	PC325	5.028032690845939e-4	0.05
mRNA	PC326	4.966209393698442e-4	0.05
mRNA	PC327	4.931994989752569e-4	0.049
mRNA	PC328	4.921680587426547e-4	0.049
mRNA	PC329	4.910857603542304e-4	0.049
mRNA	PC330	4.886289048611222e-4	0.049
mRNA	PC331	4.8584011625611804e-4	0.049
mRNA	PC332	4.847344192790784e-4	0.048
mRNA	PC333	4.822636432111292e-4	0.048
mRNA	PC334	4.785858525887565e-4	0.048
mRNA	PC335	4.772352646936641e-4	0.048
mRNA	PC336	4.762257494626273e-4	0.048
mRNA	PC337	4.725934886040129e-4	0.047
mRNA	PC338	4.675585513700626e-4	0.047
mRNA	PC339	4.6488919519323914e-4	0.046
mRNA	PC340	4.642362962413942e-4	0.046
mRNA	PC341	4.633465677970768e-4	0.046
mRNA	PC342	4.607436787278299e-4	0.046
mRNA	PC343	4.571481444324081e-4	0.046
mRNA	PC344	4.54676881803319e-4	0.045
mRNA	PC345	4.531345030589452e-4	0.045
mRNA	PC346	4.5229703123028496e-4	0.045
mRNA	PC347	4.479629289438109e-4	0.045
mRNA	PC348	4.4638910569913185e-4	0.045
mRNA	PC349	4.4483395297043396e-4	0.044
mRNA	PC350	4.427032924939887e-4	0.044
mRNA	PC351	4.4149323544749803e-4	0.044
mRNA	PC352	4.3829865702916935e-4	0.044
mRNA	PC353	4.3669725240984487e-4	0.044
mRNA	PC354	4.344486332624771e-4	0.043
mRNA	PC355	4.3293322879795875e-4	0.043
mRNA	PC356	4.296112753196294e-4	0.043
mRNA	PC357	4.2753338515805564e-4	0.043
mRNA	PC358	4.2518123798412216e-4	0.043
mRNA	PC359	4.2351945711656294e-4	0.042
mRNA	PC360	4.2138590549956056e-4	0.042
mRNA	PC361	4.194804592251737e-4	0.042
mRNA	PC362	4.173023720950673e-4	0.042
mRNA	PC363	4.1495413109012886e-4	0.041
mRNA	PC364	4.118980065121949e-4	0.041
mRNA	PC365	4.1049296443405436e-4	0.041
mRNA	PC366	4.099580877244266e-4	0.041
mRNA	PC367	4.0653139501577076e-4	0.041
mRNA	PC368	4.0643693983045785e-4	0.041
mRNA	PC369	4.035493642585811e-4	0.04
mRNA	PC370	4.0076410679747046e-4	0.04
mRNA	PC371	4.000654552485711e-4	0.04
mRNA	PC372	3.978683504021508e-4	0.04
mRNA	PC373	3.9447358665044627e-4	0.039
mRNA	PC374	3.924957043823243e-4	0.039
mRNA	PC375	3.916732929198349e-4	0.039
mRNA	PC376	3.89489402865016e-4	0.039
mRNA	PC377	3.88412873231709e-4	0.039
mRNA	PC378	3.8688616854534686e-4	0.039
mRNA	PC379	3.8680260495413133e-4	0.039
mRNA	PC380	3.823070329396112e-4	0.038
mRNA	PC381	3.7934144906858435e-4	0.038
mRNA	PC382	3.787559970448562e-4	0.038
mRNA	PC383	3.779290329732592e-4	0.038
mRNA	PC384	3.752942365884678e-4	0.038
mRNA	PC385	3.7376915960642647e-4	0.037
mRNA	PC386	3.7206913909365873e-4	0.037
mRNA	PC387	3.7028512684865114e-4	0.037
mRNA	PC388	3.677100279689667e-4	0.037
mRNA	PC389	3.672082209458275e-4	0.037
mRNA	PC390	3.6277778981878785e-4	0.036
mRNA	PC391	3.6112241255089147e-4	0.036
mRNA	PC392	3.6076707911276225e-4	0.036
mRNA	PC393	3.5955444065156444e-4	0.036
mRNA	PC394	3.57807062519693e-4	0.036
mRNA	PC395	3.549554021718691e-4	0.035
mRNA	PC396	3.527925665078937e-4	0.035
mRNA	PC397	3.5027588165515425e-4	0.035
mRNA	PC398	3.494150998418819e-4	0.035
mRNA	PC399	3.484773242027811e-4	0.035
mRNA	PC400	3.471520292513997e-4	0.035
mRNA	PC401	3.4566607067468844e-4	0.035
mRNA	PC402	3.4426222140495976e-4	0.034
mRNA	PC403	3.419697444858112e-4	0.034
mRNA	PC404	3.3980872068974506e-4	0.034
mRNA	PC405	3.389164011038762e-4	0.034
mRNA	PC406	3.348649757313043e-4	0.033
mRNA	PC407	3.342627303994905e-4	0.033
mRNA	PC408	3.3145615358482427e-4	0.033
mRNA	PC409	3.301718570881481e-4	0.033
mRNA	PC410	3.286511970507795e-4	0.033
mRNA	PC411	3.250764992551858e-4	0.033
mRNA	PC412	3.246318485673328e-4	0.032
mRNA	PC413	3.217447420371025e-4	0.032
mRNA	PC414	3.196766712035837e-4	0.032
mRNA	PC415	3.1891899080644477e-4	0.032
mRNA	PC416	3.169795131060057e-4	0.032
mRNA	PC417	3.1616134573247577e-4	0.032
mRNA	PC418	3.139476642758492e-4	0.031
mRNA	PC419	3.12965380712651e-4	0.031
mRNA	PC420	3.123020631108757e-4	0.031
mRNA	PC421	3.100031826075123e-4	0.031
mRNA	PC422	3.0834793861319796e-4	0.031
mRNA	PC423	3.064540593892929e-4	0.031
mRNA	PC424	3.057645094400858e-4	0.031
mRNA	PC425	3.0362518255872613e-4	0.03
mRNA	PC426	3.0216798943835785e-4	0.03
mRNA	PC427	3.0141657645176435e-4	0.03
mRNA	PC428	2.9983830230896304e-4	0.03
mRNA	PC429	2.9798179293114957e-4	0.03
mRNA	PC430	2.962315249465378e-4	0.03
mRNA	PC431	2.928469506913393e-4	0.029
mRNA	PC432	2.922457999836901e-4	0.029
mRNA	PC433	2.901745069056074e-4	0.029
mRNA	PC434	2.8879361128082763e-4	0.029
mRNA	PC435	2.8800147968083577e-4	0.029
mRNA	PC436	2.8395728189759727e-4	0.028
mRNA	PC437	0.00028313981615463223	0.028
mRNA	PC438	2.821342557053796e-4	0.028
mRNA	PC439	2.801790963520807e-4	0.028
mRNA	PC440	2.772069021931179e-4	0.028
mRNA	PC441	2.7693275925562373e-4	0.028
mRNA	PC442	2.738627636833711e-4	0.027
mRNA	PC443	2.726336614693774e-4	0.027
mRNA	PC444	2.721580275874256e-4	0.027
mRNA	PC445	2.691530728702617e-4	0.027
mRNA	PC446	2.690073461470185e-4	0.027
mRNA	PC447	2.6817770616731704e-4	0.027
mRNA	PC448	2.657276296425849e-4	0.027
mRNA	PC449	2.6467118300579624e-4	0.026
mRNA	PC450	2.622927521012752e-4	0.026
mRNA	PC451	2.6086148355040494e-4	0.026
mRNA	PC452	2.591820819474989e-4	0.026
mRNA	PC453	2.5830264833937223e-4	0.026
mRNA	PC454	2.567972924640219e-4	0.026
mRNA	PC455	2.5491770451173e-4	0.025
mRNA	PC456	2.5436254581776734e-4	0.025
mRNA	PC457	2.517109918664505e-4	0.025
mRNA	PC458	2.4957296028052284e-4	0.025
mRNA	PC459	2.4857979203343083e-4	0.025
mRNA	PC460	2.4683572359461765e-4	0.025
mRNA	PC461	2.4606446963489477e-4	0.025
mRNA	PC462	2.4459729316566795e-4	0.024
mRNA	PC463	2.4417427096790057e-4	0.024
mRNA	PC464	2.4365789003422177e-4	0.024
mRNA	PC465	2.4231073105603375e-4	0.024
mRNA	PC466	2.4022512278075485e-4	0.024
mRNA	PC467	2.3866456785074107e-4	0.024
mRNA	PC468	2.3720659704527347e-4	0.024
mRNA	PC469	2.3582396801786597e-4	0.024
mRNA	PC470	2.3433591257117315e-4	0.023
mRNA	PC471	2.322272601733316e-4	0.023
mRNA	PC472	2.31782550023186e-4	0.023
mRNA	PC473	2.3067628901552283e-4	0.023
mRNA	PC474	2.28441056005695e-4	0.023
mRNA	PC475	2.2728068643016174e-4	0.023
mRNA	PC476	2.2668388848808628e-4	0.023
mRNA	PC477	2.2566703130409992e-4	0.023
mRNA	PC478	2.235805710664414e-4	0.022
mRNA	PC479	2.2102600823914494e-4	0.022
mRNA	PC480	2.2014100504059173e-4	0.022
mRNA	PC481	2.18744947960339e-4	0.022
mRNA	PC482	2.166911692030529e-4	0.022
mRNA	PC483	2.1600740031494078e-4	0.022
mRNA	PC484	2.131794585492654e-4	0.021
mRNA	PC485	2.1202416848048057e-4	0.021
mRNA	PC486	2.1126343299661597e-4	0.021
mRNA	PC487	2.095996691569331e-4	0.021
mRNA	PC488	2.0892091056756574e-4	0.021
mRNA	PC489	2.0637626093372878e-4	0.021
mRNA	PC490	2.0524535159115347e-4	0.021
mRNA	PC491	2.0423468162529966e-4	0.02
mRNA	PC492	2.0333367222637833e-4	0.02
mRNA	PC493	2.025127340762873e-4	0.02
mRNA	PC494	1.9981303638349574e-4	0.02
mRNA	PC495	1.9905714023656473e-4	0.02
mRNA	PC496	1.9724226567813087e-4	0.02
mRNA	PC497	1.9582733454033053e-4	0.02
mRNA	PC498	1.9505602915139783e-4	0.02
mRNA	PC499	1.9399256888851047e-4	0.019
mRNA	PC500	1.918180960010484e-4	0.019
mRNA	PC501	1.9046080869073698e-4	0.019
mRNA	PC502	1.8883121071874002e-4	0.019
mRNA	PC503	1.8828808344172035e-4	0.019
mRNA	PC504	1.8772974566965585e-4	0.019
mRNA	PC505	1.8383663079717105e-4	0.018
mRNA	PC506	1.8201160410605762e-4	0.018
mRNA	PC507	1.8100831630450448e-4	0.018
mRNA	PC508	1.8018273364860145e-4	0.018
mRNA	PC509	1.7923763768243136e-4	0.018
mRNA	PC510	1.781916471923925e-4	0.018
mRNA	PC511	1.7718162209925993e-4	0.018
mRNA	PC512	1.7597952287460358e-4	0.018
mRNA	PC513	1.7260041054664358e-4	0.017
mRNA	PC514	1.7112287220881017e-4	0.017
mRNA	PC515	1.6939863728212444e-4	0.017
mRNA	PC516	1.6734314456477018e-4	0.017
mRNA	PC517	1.6639967428736866e-4	0.017
mRNA	PC518	1.6521162981080734e-4	0.017
mRNA	PC519	1.644506430114102e-4	0.016
mRNA	PC520	1.6298664440225915e-4	0.016
mRNA	PC521	1.6208849804955983e-4	0.016
mRNA	PC522	1.614870493982428e-4	0.016
mRNA	PC523	0.00015813831712843597	0.016
mRNA	PC524	1.569905322684243e-4	0.016
mRNA	PC525	1.552300955402705e-4	0.016
mRNA	PC526	1.5296975697283774e-4	0.015
mRNA	PC527	1.5210532527851263e-4	0.015
mRNA	PC528	1.5107783707515298e-4	0.015
mRNA	PC529	1.4768121760671223e-4	0.015
mRNA	PC530	1.4661703874516957e-4	0.015
mRNA	PC531	1.4521272591219378e-4	0.015
mRNA	PC532	1.4313819334710022e-4	0.014
mRNA	PC533	1.4294706471212703e-4	0.014
mRNA	PC534	1.4178585458387292e-4	0.014
mRNA	PC535	1.410856975831719e-4	0.014
mRNA	PC536	1.3970497474048997e-4	0.014
mRNA	PC537	1.3780692323191776e-4	0.014
mRNA	PC538	1.353285606711766e-4	0.014
mRNA	PC539	1.3462222705597243e-4	0.013
mRNA	PC540	1.327392007317187e-4	0.013
mRNA	PC541	1.31493691202289e-4	0.013
mRNA	PC542	1.2991015702219582e-4	0.013
mRNA	PC543	1.2880523047945308e-4	0.013
mRNA	PC544	1.2789734231590685e-4	0.013
mRNA	PC545	1.2632179219345763e-4	0.013
mRNA	PC546	1.2471407052932438e-4	0.012
mRNA	PC547	1.2444784157068995e-4	0.012
mRNA	PC548	1.2300674398131166e-4	0.012
mRNA	PC549	1.2026009652254968e-4	0.012
mRNA	PC550	1.1717319509865132e-4	0.012
mRNA	PC551	1.1667583077070165e-4	0.012
mRNA	PC552	1.1323493294094216e-4	0.011
mRNA	PC553	1.1118595185994715e-4	0.011
mRNA	PC554	1.089010402196086e-4	0.011
mRNA	PC555	1.0766506778788954e-4	0.011
mRNA	PC556	1.0762373714477054e-4	0.011
mRNA	PC557	1.0411994839652677e-4	0.01
mRNA	PC558	1.0307939040160843e-4	0.01
mRNA	PC559	1.0175454413309735e-4	0.01
mRNA	PC560	1.0123742838534793e-4	0.01
mRNA	PC561	9.75873824831195e-5	0.01
mRNA	PC562	9.246996617639258e-5	0.009
mRNA	PC563	9.013724101332683e-5	0.009
mRNA	PC564	8.626881241961535e-5	0.009
mRNA	PC565	7.214639760588693e-5	0.007
mRNA	PC566	6.459197559307587e-5	0.006
mRNA	PC567	2.118409862947415e-32	0
DNA methylation	PC1	0.2022435996601714	20.224
DNA methylation	PC2	0.10989485083125532	10.989
DNA methylation	PC3	0.06601512613544082	6.602
DNA methylation	PC4	0.059437359389498234	5.944
DNA methylation	PC5	0.03416297013107224	3.416
DNA methylation	PC6	0.027624407907827535	2.762
DNA methylation	PC7	0.016501665090265807	1.65
DNA methylation	PC8	0.012323661068563283	1.232
DNA methylation	PC9	0.011271609770597284	1.127
DNA methylation	PC10	0.009179720901536095	0.918
DNA methylation	PC11	0.00901134812027041	0.901
DNA methylation	PC12	0.007541288352514351	0.754
DNA methylation	PC13	0.007112810206616633	0.711
DNA methylation	PC14	0.006309874760101361	0.631
DNA methylation	PC15	0.005839535042875014	0.584
DNA methylation	PC16	0.00577509068496782	0.578
DNA methylation	PC17	0.005004930813256148	0.5
DNA methylation	PC18	0.004583114459854052	0.458
DNA methylation	PC19	0.0043256554039487125	0.433
DNA methylation	PC20	0.004193469905351546	0.419
DNA methylation	PC21	0.004035298411760449	0.404
DNA methylation	PC22	0.00355623119516247	0.356
DNA methylation	PC23	0.003454866344287807	0.345
DNA methylation	PC24	0.003444242144025258	0.344
DNA methylation	PC25	0.0033242127248064505	0.332
DNA methylation	PC26	0.0032631849463465867	0.326
DNA methylation	PC27	0.0030693063161230773	0.307
DNA methylation	PC28	0.002942747980673531	0.294
DNA methylation	PC29	0.0028929768386042887	0.289
DNA methylation	PC30	0.0028074081872352923	0.281
DNA methylation	PC31	0.0027915103666963778	0.279
DNA methylation	PC32	0.002714526476636244	0.271
DNA methylation	PC33	0.00262679331834608	0.263
DNA methylation	PC34	0.002567468413244097	0.257
DNA methylation	PC35	0.0024339296040130818	0.243
DNA methylation	PC36	0.0024188573617066156	0.242
DNA methylation	PC37	0.0023911844148552836	0.239
DNA methylation	PC38	0.002355297740006959	0.236
DNA methylation	PC39	0.002311116353455177	0.231
DNA methylation	PC40	0.002276471028742919	0.228
DNA methylation	PC41	0.002242964972306318	0.224
DNA methylation	PC42	0.0021917551815396133	0.219
DNA methylation	PC43	0.002123912337301545	0.212
DNA methylation	PC44	0.0020740816322100722	0.207
DNA methylation	PC45	0.0020583350441512587	0.206
DNA methylation	PC46	0.002042789893117086	0.204
DNA methylation	PC47	0.0020268123948770428	0.203
DNA methylation	PC48	0.001970991527001317	0.197
DNA methylation	PC49	0.0019551255204847424	0.196
DNA methylation	PC50	0.001935091869085537	0.194
DNA methylation	PC51	0.0018712195340447625	0.187
DNA methylation	PC52	0.001857137410681487	0.186
DNA methylation	PC53	0.0018477901071691839	0.185
DNA methylation	PC54	0.001830052499351264	0.183
DNA methylation	PC55	0.0018041672609789973	0.18
DNA methylation	PC56	0.0017812241401016233	0.178
DNA methylation	PC57	0.0017637049527036979	0.176
DNA methylation	PC58	0.0017425530864851	0.174
DNA methylation	PC59	0.001722703074426056	0.172
DNA methylation	PC60	0.0017121037258310226	0.171
DNA methylation	PC61	0.0016920886759651385	0.169
DNA methylation	PC62	0.0016752274591975865	0.168
DNA methylation	PC63	0.001659655361286964	0.166
DNA methylation	PC64	0.0016453843006708306	0.165
DNA methylation	PC65	0.001630125591949666	0.163
DNA methylation	PC66	0.001622973831688536	0.162
DNA methylation	PC67	0.0016112227932654545	0.161
DNA methylation	PC68	0.0015997303288211157	0.16
DNA methylation	PC69	0.001586221351064558	0.159
DNA methylation	PC70	0.001565808866427424	0.157
DNA methylation	PC71	0.0015366939580825328	0.154
DNA methylation	PC72	0.0015326357983035143	0.153
DNA methylation	PC73	0.0015184716820723497	0.152
DNA methylation	PC74	0.0015071058575210207	0.151
DNA methylation	PC75	0.001501540943171808	0.15
DNA methylation	PC76	0.0014973343712619649	0.15
DNA methylation	PC77	0.001453132981228737	0.145
DNA methylation	PC78	0.0014500890456069563	0.145
DNA methylation	PC79	0.001443673931361902	0.144
DNA methylation	PC80	0.0014289840390051556	0.143
DNA methylation	PC81	0.0014148241523997066	0.141
DNA methylation	PC82	0.0014020609342910869	0.14
DNA methylation	PC83	0.001396007630512984	0.14
DNA methylation	PC84	0.001376225937445946	0.138
DNA methylation	PC85	0.0013639602569982825	0.136
DNA methylation	PC86	0.0013628568852098865	0.136
DNA methylation	PC87	0.0013437918032072138	0.134
DNA methylation	PC88	0.001336715005227588	0.134
DNA methylation	PC89	0.0013335455973331539	0.133
DNA methylation	PC90	0.001319057451322631	0.132
DNA methylation	PC91	0.0013181176452944632	0.132
DNA methylation	PC92	0.0013117116460519978	0.131
DNA methylation	PC93	0.0013027422758759514	0.13
DNA methylation	PC94	0.0012939785741921262	0.129
DNA methylation	PC95	0.0012810934528020965	0.128
DNA methylation	PC96	0.0012681013445647357	0.127
DNA methylation	PC97	0.0012643750670145776	0.126
DNA methylation	PC98	0.0012560093053931383	0.126
DNA methylation	PC99	0.0012456287258098648	0.125
DNA methylation	PC100	0.0012365420417927452	0.124
DNA methylation	PC101	0.0012307409107871977	0.123
DNA methylation	PC102	0.0012195254615540495	0.122
DNA methylation	PC103	0.0012114999888483285	0.121
DNA methylation	PC104	0.0012028014690309724	0.12
DNA methylation	PC105	0.0011912561272410158	0.119
DNA methylation	PC106	0.001189622675652155	0.119
DNA methylation	PC107	0.0011844914583773157	0.118
DNA methylation	PC108	0.0011737295626998297	0.117
DNA methylation	PC109	0.0011658379025229573	0.117
DNA methylation	PC110	0.0011556232460881008	0.116
DNA methylation	PC111	0.0011528378237186609	0.115
DNA methylation	PC112	0.0011450279936935826	0.115
DNA methylation	PC113	0.0011377895027881732	0.114
DNA methylation	PC114	0.001133341310482592	0.113
DNA methylation	PC115	0.0011314730446638764	0.113
DNA methylation	PC116	0.001117440447057401	0.112
DNA methylation	PC117	0.0011077678573021851	0.111
DNA methylation	PC118	0.001104527577041128	0.11
DNA methylation	PC119	0.001103235488526878	0.11
DNA methylation	PC120	0.0010956856362357513	0.11
DNA methylation	PC121	0.0010877096724851724	0.109
DNA methylation	PC122	0.0010825805796400283	0.108
DNA methylation	PC123	0.0010729736654776587	0.107
DNA methylation	PC124	0.0010695397880305553	0.107
DNA methylation	PC125	0.0010656566660869602	0.107
DNA methylation	PC126	0.0010575634452701227	0.106
DNA methylation	PC127	0.00105583193216358	0.106
DNA methylation	PC128	0.0010525652445737648	0.105
DNA methylation	PC129	0.0010429940729367183	0.104
DNA methylation	PC130	0.001041591466158301	0.104
DNA methylation	PC131	0.0010362771022175599	0.104
DNA methylation	PC132	0.001030410486375085	0.103
DNA methylation	PC133	0.0010250473068929027	0.103
DNA methylation	PC134	0.0010230085600976893	0.102
DNA methylation	PC135	0.0010212516859271045	0.102
DNA methylation	PC136	0.0010190913029165002	0.102
DNA methylation	PC137	0.0010083573966306828	0.101
DNA methylation	PC138	0.0010044711011610627	0.1
DNA methylation	PC139	0.0010029916805091347	0.1
DNA methylation	PC140	9.956931214370197e-4	0.1
DNA methylation	PC141	9.908043113176182e-4	0.099
DNA methylation	PC142	9.849248028334005e-4	0.098
DNA methylation	PC143	9.807808926417493e-4	0.098
DNA methylation	PC144	9.705352037005635e-4	0.097
DNA methylation	PC145	9.699761386063024e-4	0.097
DNA methylation	PC146	9.672588141868415e-4	0.097
DNA methylation	PC147	9.623412715122144e-4	0.096
DNA methylation	PC148	9.586789958157726e-4	0.096
DNA methylation	PC149	9.532588226107449e-4	0.095
DNA methylation	PC150	9.507290895510714e-4	0.095
DNA methylation	PC151	9.474837975611896e-4	0.095
DNA methylation	PC152	9.418024733787382e-4	0.094
DNA methylation	PC153	9.35157710853243e-4	0.094
DNA methylation	PC154	9.289017527122789e-4	0.093
DNA methylation	PC155	9.271286574889761e-4	0.093
DNA methylation	PC156	9.217817350057761e-4	0.092
DNA methylation	PC157	9.167132287230817e-4	0.092
DNA methylation	PC158	9.114349921767602e-4	0.091
DNA methylation	PC159	9.065814849886177e-4	0.091
DNA methylation	PC160	9.052740038021679e-4	0.091
DNA methylation	PC161	8.997362528628024e-4	0.09
DNA methylation	PC162	8.954955708014534e-4	0.09
DNA methylation	PC163	8.922031173262999e-4	0.089
DNA methylation	PC164	8.915396414136143e-4	0.089
DNA methylation	PC165	8.863440441359225e-4	0.089
DNA methylation	PC166	8.803909341347686e-4	0.088
DNA methylation	PC167	8.767572264380635e-4	0.088
DNA methylation	PC168	8.720907155768552e-4	0.087
DNA methylation	PC169	8.656915431785518e-4	0.087
DNA methylation	PC170	8.637273194668255e-4	0.086
DNA methylation	PC171	8.586011750101233e-4	0.086
DNA methylation	PC172	8.568494385439219e-4	0.086
DNA methylation	PC173	8.527586328811602e-4	0.085
DNA methylation	PC174	8.472063718054473e-4	0.085
DNA methylation	PC175	8.455543963676871e-4	0.085
DNA methylation	PC176	8.41827884043961e-4	0.084
DNA methylation	PC177	8.354698290101153e-4	0.084
DNA methylation	PC178	8.334611062804086e-4	0.083
DNA methylation	PC179	8.297291825374225e-4	0.083
DNA methylation	PC180	8.257672795563265e-4	0.083
DNA methylation	PC181	8.217915746705861e-4	0.082
DNA methylation	PC182	8.174207406317261e-4	0.082
DNA methylation	PC183	8.155551317536088e-4	0.082
DNA methylation	PC184	8.124056024789703e-4	0.081
DNA methylation	PC185	8.061138867897447e-4	0.081
DNA methylation	PC186	8.045688239322275e-4	0.08
DNA methylation	PC187	8.027743683787273e-4	0.08
DNA methylation	PC188	7.988301065680814e-4	0.08
DNA methylation	PC189	7.961385428748953e-4	0.08
DNA methylation	PC190	7.940847099838408e-4	0.079
DNA methylation	PC191	7.882092932060832e-4	0.079
DNA methylation	PC192	7.837930103967815e-4	0.078
DNA methylation	PC193	7.811440407082113e-4	0.078
DNA methylation	PC194	7.764058855887102e-4	0.078
DNA methylation	PC195	7.733481195787679e-4	0.077
DNA methylation	PC196	7.719305950377849e-4	0.077
DNA methylation	PC197	7.675680022455763e-4	0.077
DNA methylation	PC198	7.623450886007804e-4	0.076
DNA methylation	PC199	7.614938367892089e-4	0.076
DNA methylation	PC200	7.592559444929469e-4	0.076
DNA methylation	PC201	7.562309414891088e-4	0.076
DNA methylation	PC202	7.554818929258855e-4	0.076
DNA methylation	PC203	7.492052108675934e-4	0.075
DNA methylation	PC204	7.44478185551599e-4	0.074
DNA methylation	PC205	7.436462192959059e-4	0.074
DNA methylation	PC206	7.396650055815349e-4	0.074
DNA methylation	PC207	7.362665296792632e-4	0.074
DNA methylation	PC208	7.352505477823197e-4	0.074
DNA methylation	PC209	7.286661664588463e-4	0.073
DNA methylation	PC210	7.251469934994615e-4	0.073
DNA methylation	PC211	7.222553173001372e-4	0.072
DNA methylation	PC212	7.197307649345828e-4	0.072
DNA methylation	PC213	7.185059331468132e-4	0.072
DNA methylation	PC214	7.166123521678682e-4	0.072
DNA methylation	PC215	7.1471918338361e-4	0.071
DNA methylation	PC216	7.143500910863285e-4	0.071
DNA methylation	PC217	7.058616692832009e-4	0.071
DNA methylation	PC218	7.041556345868928e-4	0.07
DNA methylation	PC219	7.012309879097331e-4	0.07
DNA methylation	PC220	6.982081704727109e-4	0.07
DNA methylation	PC221	6.958235803226117e-4	0.07
DNA methylation	PC222	6.940707315368143e-4	0.069
DNA methylation	PC223	6.889499887163498e-4	0.069
DNA methylation	PC224	6.83970866607297e-4	0.068
DNA methylation	PC225	6.814513242922918e-4	0.068
DNA methylation	PC226	6.791700404798856e-4	0.068
DNA methylation	PC227	6.766125895907701e-4	0.068
DNA methylation	PC228	6.756954435046899e-4	0.068
DNA methylation	PC229	6.74490516191197e-4	0.067
DNA methylation	PC230	6.715354838217015e-4	0.067
DNA methylation	PC231	6.702595938153133e-4	0.067
DNA methylation	PC232	6.658592835026255e-4	0.067
DNA methylation	PC233	6.620281097965815e-4	0.066
DNA methylation	PC234	6.598250453102431e-4	0.066
DNA methylation	PC235	6.580267852053342e-4	0.066
DNA methylation	PC236	6.546564178332722e-4	0.065
DNA methylation	PC237	6.534190834719449e-4	0.065
DNA methylation	PC238	6.483944152878094e-4	0.065
DNA methylation	PC239	6.463816228941445e-4	0.065
DNA methylation	PC240	6.456052257386986e-4	0.065
DNA methylation	PC241	6.426985032106763e-4	0.064
DNA methylation	PC242	6.421318486575091e-4	0.064
DNA methylation	PC243	6.39259570702339e-4	0.064
DNA methylation	PC244	6.370475868504405e-4	0.064
DNA methylation	PC245	6.365159221082699e-4	0.064
DNA methylation	PC246	6.316727117848972e-4	0.063
DNA methylation	PC247	6.308949927199119e-4	0.063
DNA methylation	PC248	6.278312485124019e-4	0.063
DNA methylation	PC249	6.215823788550556e-4	0.062
DNA methylation	PC250	6.184826588891997e-4	0.062
DNA methylation	PC251	6.180882695692827e-4	0.062
DNA methylation	PC252	6.165654660617493e-4	0.062
DNA methylation	PC253	6.124707873192156e-4	0.061
DNA methylation	PC254	6.100707350395224e-4	0.061
DNA methylation	PC255	6.089394436599033e-4	0.061
DNA methylation	PC256	6.069383915942548e-4	0.061
DNA methylation	PC257	6.043845482149763e-4	0.06
DNA methylation	PC258	6.040342554591617e-4	0.06
DNA methylation	PC259	5.998997311761402e-4	0.06
DNA methylation	PC260	5.983272797572549e-4	0.06
DNA methylation	PC261	5.96990001463363e-4	0.06
DNA methylation	PC262	5.920729240935488e-4	0.059
DNA methylation	PC263	5.909982184007409e-4	0.059
DNA methylation	PC264	5.870986141386226e-4	0.059
DNA methylation	PC265	5.861514526226444e-4	0.059
DNA methylation	PC266	5.822043367375188e-4	0.058
DNA methylation	PC267	5.81466031159336e-4	0.058
DNA methylation	PC268	5.791777463547491e-4	0.058
DNA methylation	PC269	5.765561297458466e-4	0.058
DNA methylation	PC270	5.713937063969914e-4	0.057
DNA methylation	PC271	5.701647029389625e-4	0.057
DNA methylation	PC272	5.67336383917125e-4	0.057
DNA methylation	PC273	5.642448334347502e-4	0.056
DNA methylation	PC274	5.634908792497274e-4	0.056
DNA methylation	PC275	5.618664613432548e-4	0.056
DNA methylation	PC276	5.592750293111705e-4	0.056
DNA methylation	PC277	5.567596472150916e-4	0.056
DNA methylation	PC278	5.558866912112236e-4	0.056
DNA methylation	PC279	5.516377782055216e-4	0.055
DNA methylation	PC280	5.514637846002853e-4	0.055
DNA methylation	PC281	5.489765928571451e-4	0.055
DNA methylation	PC282	5.443569714835772e-4	0.054
DNA methylation	PC283	5.43626489578564e-4	0.054
DNA methylation	PC284	5.426865842348315e-4	0.054
DNA methylation	PC285	5.391076918267685e-4	0.054
DNA methylation	PC286	5.352803588246955e-4	0.054
DNA methylation	PC287	5.351851148537828e-4	0.054
DNA methylation	PC288	5.330159114858466e-4	0.053
DNA methylation	PC289	5.325630166542705e-4	0.053
DNA methylation	PC290	5.298748575767031e-4	0.053
DNA methylation	PC291	5.260340443047722e-4	0.053
DNA methylation	PC292	5.252586826479902e-4	0.053
DNA methylation	PC293	5.246372182585225e-4	0.052
DNA methylation	PC294	5.230770494967429e-4	0.052
DNA methylation	PC295	5.213688091325769e-4	0.052
DNA methylation	PC296	5.185721032508766e-4	0.052
DNA methylation	PC297	5.147553046120765e-4	0.051
DNA methylation	PC298	5.108721083070932e-4	0.051
DNA methylation	PC299	5.096702373652142e-4	0.051
DNA methylation	PC300	5.074257760748057e-4	0.051
DNA methylation	PC301	5.04983074047618e-4	0.05
DNA methylation	PC302	5.036335475578197e-4	0.05
DNA methylation	PC303	5.018302917735793e-4	0.05
DNA methylation	PC304	4.995368200393173e-4	0.05
DNA methylation	PC305	4.97027125417861e-4	0.05
DNA methylation	PC306	4.962153821325202e-4	0.05
DNA methylation	PC307	4.948838579923073e-4	0.049
DNA methylation	PC308	4.917758753325198e-4	0.049
DNA methylation	PC309	4.886351974237195e-4	0.049
DNA methylation	PC310	4.877499414823752e-4	0.049
DNA methylation	PC311	4.856819614013036e-4	0.049
DNA methylation	PC312	4.847785815455526e-4	0.048
DNA methylation	PC313	4.828261271925085e-4	0.048
DNA methylation	PC314	4.809118860719758e-4	0.048
DNA methylation	PC315	4.77233304485224e-4	0.048
DNA methylation	PC316	4.7376229123326767e-4	0.047
DNA methylation	PC317	4.734304692117545e-4	0.047
DNA methylation	PC318	4.715271837513365e-4	0.047
DNA methylation	PC319	4.7029914809559756e-4	0.047
DNA methylation	PC320	4.6884560890982796e-4	0.047
DNA methylation	PC321	4.6678907282757335e-4	0.047
DNA methylation	PC322	4.650865651812002e-4	0.047
DNA methylation	PC323	4.642313215260677e-4	0.046
DNA methylation	PC324	4.632564965381822e-4	0.046
DNA methylation	PC325	4.6137964593676457e-4	0.046
DNA methylation	PC326	4.595618456736025e-4	0.046
DNA methylation	PC327	4.58423810240242e-4	0.046
DNA methylation	PC328	4.5565143823141747e-4	0.046
DNA methylation	PC329	4.537708096830352e-4	0.045
DNA methylation	PC330	4.5227214499557277e-4	0.045
DNA methylation	PC331	4.471731470258032e-4	0.045
DNA methylation	PC332	4.445825800217204e-4	0.044
DNA methylation	PC333	4.437262705083036e-4	0.044
DNA methylation	PC334	4.4146321459021535e-4	0.044
DNA methylation	PC335	4.405418053894101e-4	0.044
DNA methylation	PC336	4.397929136747759e-4	0.044
DNA methylation	PC337	4.364205766669164e-4	0.044
DNA methylation	PC338	4.361801246044095e-4	0.044
DNA methylation	PC339	4.3309809273734046e-4	0.043
DNA methylation	PC340	4.326752866358248e-4	0.043
DNA methylation	PC341	4.3040047651226123e-4	0.043
DNA methylation	PC342	4.285390803126709e-4	0.043
DNA methylation	PC343	4.2635644861649505e-4	0.043
DNA methylation	PC344	4.2516694155483544e-4	0.043
DNA methylation	PC345	4.24570614754559e-4	0.042
DNA methylation	PC346	4.226525874916656e-4	0.042
DNA methylation	PC347	4.208635257342086e-4	0.042
DNA methylation	PC348	4.1977051130466877e-4	0.042
DNA methylation	PC349	4.1744404486990835e-4	0.042
DNA methylation	PC350	4.152833843396802e-4	0.042
DNA methylation	PC351	4.130326418557164e-4	0.041
DNA methylation	PC352	4.1154099786910387e-4	0.041
DNA methylation	PC353	4.101164130846155e-4	0.041
DNA methylation	PC354	4.0908445143437636e-4	0.041
DNA methylation	PC355	4.0767980626170387e-4	0.041
DNA methylation	PC356	4.051738131514903e-4	0.041
DNA methylation	PC357	4.047040408664469e-4	0.04
DNA methylation	PC358	4.0284205768898525e-4	0.04
DNA methylation	PC359	4.024320225619467e-4	0.04
DNA methylation	PC360	4.00927076704395e-4	0.04
DNA methylation	PC361	3.989316907370038e-4	0.04
DNA methylation	PC362	3.968760594537938e-4	0.04
DNA methylation	PC363	3.951169305512232e-4	0.04
DNA methylation	PC364	3.9356342146657446e-4	0.039
DNA methylation	PC365	3.910684874044785e-4	0.039
DNA methylation	PC366	3.9022701493007675e-4	0.039
DNA methylation	PC367	3.8889826058636004e-4	0.039
DNA methylation	PC368	3.879014055363817e-4	0.039
DNA methylation	PC369	3.847821029796184e-4	0.038
DNA methylation	PC370	3.8336841103318387e-4	0.038
DNA methylation	PC371	3.820984993769718e-4	0.038
DNA methylation	PC372	3.814795469117818e-4	0.038
DNA methylation	PC373	3.7756198740094947e-4	0.038
DNA methylation	PC374	3.770420479042687e-4	0.038
DNA methylation	PC375	3.7528911055202734e-4	0.038
DNA methylation	PC376	3.738933121465758e-4	0.037
DNA methylation	PC377	3.726637044521566e-4	0.037
DNA methylation	PC378	3.714939227667657e-4	0.037
DNA methylation	PC379	3.707027321485536e-4	0.037
DNA methylation	PC380	3.6803232403536334e-4	0.037
DNA methylation	PC381	3.6736392272699827e-4	0.037
DNA methylation	PC382	3.6689794931680353e-4	0.037
DNA methylation	PC383	3.637800819625136e-4	0.036
DNA methylation	PC384	3.635294721921546e-4	0.036
DNA methylation	PC385	3.6134498954162045e-4	0.036
DNA methylation	PC386	3.584670080463122e-4	0.036
DNA methylation	PC387	3.578427433058494e-4	0.036
DNA methylation	PC388	3.5697917307398456e-4	0.036
DNA methylation	PC389	3.552686747616144e-4	0.036
DNA methylation	PC390	3.5421278087281727e-4	0.035
DNA methylation	PC391	3.520554501613306e-4	0.035
DNA methylation	PC392	3.510132988302834e-4	0.035
DNA methylation	PC393	3.4917169886138316e-4	0.035
DNA methylation	PC394	3.480003260574791e-4	0.035
DNA methylation	PC395	3.461674306517853e-4	0.035
DNA methylation	PC396	3.448769915349761e-4	0.034
DNA methylation	PC397	3.4473427856837233e-4	0.034
DNA methylation	PC398	0.00034210486087751085	0.034
DNA methylation	PC399	3.3988262629484634e-4	0.034
DNA methylation	PC400	3.390778454248167e-4	0.034
DNA methylation	PC401	3.379491602237242e-4	0.034
DNA methylation	PC402	3.3605533823844195e-4	0.034
DNA methylation	PC403	3.347950182395441e-4	0.033
DNA methylation	PC404	3.335053299759432e-4	0.033
DNA methylation	PC405	3.324681477654912e-4	0.033
DNA methylation	PC406	3.3104143418358483e-4	0.033
DNA methylation	PC407	3.3036952545526183e-4	0.033
DNA methylation	PC408	3.290314206384248e-4	0.033
DNA methylation	PC409	3.2686359879418805e-4	0.033
DNA methylation	PC410	3.257606807508317e-4	0.033
DNA methylation	PC411	3.2531613291203216e-4	0.033
DNA methylation	PC412	3.224994976562187e-4	0.032
DNA methylation	PC413	3.2146573615971e-4	0.032
DNA methylation	PC414	3.2043725063703594e-4	0.032
DNA methylation	PC415	3.2004569559954463e-4	0.032
DNA methylation	PC416	3.1858197398884397e-4	0.032
DNA methylation	PC417	3.170332533677327e-4	0.032
DNA methylation	PC418	3.137498003433237e-4	0.031
DNA methylation	PC419	3.128375845463273e-4	0.031
DNA methylation	PC420	3.111494850181524e-4	0.031
DNA methylation	PC421	3.09988096113237e-4	0.031
DNA methylation	PC422	3.086964110676772e-4	0.031
DNA methylation	PC423	3.068543462533086e-4	0.031
DNA methylation	PC424	3.057454997554301e-4	0.031
DNA methylation	PC425	3.0554486885512943e-4	0.031
DNA methylation	PC426	3.023006603114521e-4	0.03
DNA methylation	PC427	3.017197163901964e-4	0.03
DNA methylation	PC428	3.010898690795361e-4	0.03
DNA methylation	PC429	3.0003416351828726e-4	0.03
DNA methylation	PC430	2.983138302157007e-4	0.03
DNA methylation	PC431	2.9694076688092843e-4	0.03
DNA methylation	PC432	2.963508600664452e-4	0.03
DNA methylation	PC433	2.9409802692584503e-4	0.029
DNA methylation	PC434	2.9329995333874785e-4	0.029
DNA methylation	PC435	2.9287659833473464e-4	0.029
DNA methylation	PC436	2.9182387648200647e-4	0.029
DNA methylation	PC437	2.89401381596486e-4	0.029
DNA methylation	PC438	2.887262731734906e-4	0.029
DNA methylation	PC439	2.877236231400489e-4	0.029
DNA methylation	PC440	2.8556259730656716e-4	0.029
DNA methylation	PC441	2.851125703686461e-4	0.029
DNA methylation	PC442	2.8269198751804505e-4	0.028
DNA methylation	PC443	2.805587431444917e-4	0.028
DNA methylation	PC444	2.794358977218592e-4	0.028
DNA methylation	PC445	2.785296036313859e-4	0.028
DNA methylation	PC446	2.7759394624366857e-4	0.028
DNA methylation	PC447	2.759530657483898e-4	0.028
DNA methylation	PC448	2.7548072049412024e-4	0.028
DNA methylation	PC449	2.742070981667985e-4	0.027
DNA methylation	PC450	2.7196520586005984e-4	0.027
DNA methylation	PC451	2.7154400034158974e-4	0.027
DNA methylation	PC452	2.7022724570122456e-4	0.027
DNA methylation	PC453	2.687795178604306e-4	0.027
DNA methylation	PC454	2.674444848992258e-4	0.027
DNA methylation	PC455	2.6639396391922414e-4	0.027
DNA methylation	PC456	2.6530657560756084e-4	0.027
DNA methylation	PC457	2.6466034857110384e-4	0.026
DNA methylation	PC458	2.621915744456198e-4	0.026
DNA methylation	PC459	2.6150883801256166e-4	0.026
DNA methylation	PC460	2.601125480565754e-4	0.026
DNA methylation	PC461	2.5738576906146566e-4	0.026
DNA methylation	PC462	2.564212643803644e-4	0.026
DNA methylation	PC463	2.5552849162186283e-4	0.026
DNA methylation	PC464	2.549136085222945e-4	0.025
DNA methylation	PC465	2.5374269018058163e-4	0.025
DNA methylation	PC466	2.5178452318740406e-4	0.025
DNA methylation	PC467	2.5157960221647654e-4	0.025
DNA methylation	PC468	2.5059043464030375e-4	0.025
DNA methylation	PC469	2.4940387726596927e-4	0.025
DNA methylation	PC470	2.4864084377402396e-4	0.025
DNA methylation	PC471	2.471490192027453e-4	0.025
DNA methylation	PC472	2.4529731064297847e-4	0.025
DNA methylation	PC473	2.442766084060136e-4	0.024
DNA methylation	PC474	2.4300225043524053e-4	0.024
DNA methylation	PC475	2.4122253725689452e-4	0.024
DNA methylation	PC476	2.3997914404778742e-4	0.024
DNA methylation	PC477	2.38070956720021e-4	0.024
DNA methylation	PC478	2.3802225292566916e-4	0.024
DNA methylation	PC479	2.3729302377599972e-4	0.024
DNA methylation	PC480	2.353913685862293e-4	0.024
DNA methylation	PC481	2.3505589886072835e-4	0.024
DNA methylation	PC482	2.3371857506291734e-4	0.023
DNA methylation	PC483	2.3242890601498652e-4	0.023
DNA methylation	PC484	2.3122272924197852e-4	0.023
DNA methylation	PC485	2.2906595165922807e-4	0.023
DNA methylation	PC486	2.282550408996987e-4	0.023
DNA methylation	PC487	2.2736669599118366e-4	0.023
DNA methylation	PC488	2.250845695812712e-4	0.023
DNA methylation	PC489	2.240670849643778e-4	0.022
DNA methylation	PC490	2.2245273986469551e-4	0.022
DNA methylation	PC491	2.210796203075098e-4	0.022
DNA methylation	PC492	2.19761228022635e-4	0.022
DNA methylation	PC493	2.1809528387136824e-4	0.022
DNA methylation	PC494	2.1698317299448407e-4	0.022
DNA methylation	PC495	2.166231903661902e-4	0.022
DNA methylation	PC496	2.157092118391628e-4	0.022
DNA methylation	PC497	2.144790741638125e-4	0.021
DNA methylation	PC498	2.1399971210986157e-4	0.021
DNA methylation	PC499	2.1297688660590545e-4	0.021
DNA methylation	PC500	2.1107888465731066e-4	0.021
DNA methylation	PC501	2.088430271383003e-4	0.021
DNA methylation	PC502	2.079969922813173e-4	0.021
DNA methylation	PC503	2.068213994612078e-4	0.021
DNA methylation	PC504	2.054463645327552e-4	0.021
DNA methylation	PC505	2.0402889095304241e-4	0.02
DNA methylation	PC506	2.0302158468309204e-4	0.02
DNA methylation	PC507	2.0116590949351157e-4	0.02
DNA methylation	PC508	1.990256757079853e-4	0.02
DNA methylation	PC509	1.9843658011619794e-4	0.02
DNA methylation	PC510	1.9781636224902737e-4	0.02
DNA methylation	PC511	1.9667352507675773e-4	0.02
DNA methylation	PC512	1.9467311178489205e-4	0.019
DNA methylation	PC513	1.9340156405174056e-4	0.019
DNA methylation	PC514	1.9179122740456463e-4	0.019
DNA methylation	PC515	1.907385958106329e-4	0.019
DNA methylation	PC516	1.899292785630763e-4	0.019
DNA methylation	PC517	1.8881440248870847e-4	0.019
DNA methylation	PC518	1.8866722249553933e-4	0.019
DNA methylation	PC519	1.8636589241793924e-4	0.019
DNA methylation	PC520	1.8504848852546823e-4	0.019
DNA methylation	PC521	1.8479556670901454e-4	0.018
DNA methylation	PC522	1.8358707514029766e-4	0.018
DNA methylation	PC523	1.8212998515321107e-4	0.018
DNA methylation	PC524	1.8116686561801622e-4	0.018
DNA methylation	PC525	1.8000548302139947e-4	0.018
DNA methylation	PC526	1.7713925289566796e-4	0.018
DNA methylation	PC527	1.761155386276989e-4	0.018
DNA methylation	PC528	1.743343633490522e-4	0.017
DNA methylation	PC529	1.720020900835273e-4	0.017
DNA methylation	PC530	1.7150381649510697e-4	0.017
DNA methylation	PC531	1.7011063859758002e-4	0.017
DNA methylation	PC532	1.6863520114511544e-4	0.017
DNA methylation	PC533	1.6740425508959735e-4	0.017
DNA methylation	PC534	1.6508315535199584e-4	0.017
DNA methylation	PC535	1.6398060011917667e-4	0.016
DNA methylation	PC536	1.6279980053897567e-4	0.016
DNA methylation	PC537	1.6163220237503897e-4	0.016
DNA methylation	PC538	1.5756248578644238e-4	0.016
DNA methylation	PC539	1.5535176324410805e-4	0.016
DNA methylation	PC540	1.5491698307413832e-4	0.015
DNA methylation	PC541	1.5250106059916583e-4	0.015
DNA methylation	PC542	1.5166022691725847e-4	0.015
DNA methylation	PC543	1.4863179294545767e-4	0.015
DNA methylation	PC544	1.4789204244260995e-4	0.015
DNA methylation	PC545	1.457030671312296e-4	0.015
DNA methylation	PC546	1.4264046553974226e-4	0.014
DNA methylation	PC547	1.410963211120904e-4	0.014
DNA methylation	PC548	1.397627234714951e-4	0.014
DNA methylation	PC549	1.3877198834876122e-4	0.014
DNA methylation	PC550	1.3787935010744058e-4	0.014
DNA methylation	PC551	1.313200936676292e-4	0.013
DNA methylation	PC552	1.311950912502466e-4	0.013
DNA methylation	PC553	1.2701296086053068e-4	0.013
DNA methylation	PC554	1.2384952897036581e-4	0.012
DNA methylation	PC555	1.2002674204262444e-4	0.012
DNA methylation	PC556	1.1860125162070447e-4	0.012
DNA methylation	PC557	1.16177718731999e-4	0.012
DNA methylation	PC558	1.132983889702363e-4	0.011
DNA methylation	PC559	1.1147272311901668e-4	0.011
DNA methylation	PC560	1.0510692225629585e-4	0.011
DNA methylation	PC561	1.0206325614746048e-4	0.01
DNA methylation	PC562	9.90186476746026e-5	0.01
DNA methylation	PC563	9.041069382090237e-5	0.009
DNA methylation	PC564	8.787077114480015e-5	0.009
DNA methylation	PC565	7.990628646656917e-5	0.008
DNA methylation	PC566	7.2451538322754e-5	0.007
DNA methylation	PC567	2.110397658288745e-32	0
RPPA	PC1	0.13994603210754392	13.995
RPPA	PC2	0.1229262979054638	12.293
RPPA	PC3	0.0925905942855269	9.259
RPPA	PC4	0.05627136188587541	5.627
RPPA	PC5	0.03854758248005086	3.855
RPPA	PC6	0.035395311988096825	3.54
RPPA	PC7	0.02517975780252142	2.518
RPPA	PC8	0.023325500936569033	2.333
RPPA	PC9	0.020198629393038788	2.02
RPPA	PC10	0.01858676655681129	1.859
RPPA	PC11	0.016423110369647154	1.642
RPPA	PC12	0.014230541280661287	1.423
RPPA	PC13	0.013520489984628082	1.352
RPPA	PC14	0.013011647314135212	1.301
RPPA	PC15	0.012512493668033258	1.251
RPPA	PC16	0.011599079315806619	1.16
RPPA	PC17	0.010101247542331064	1.01
RPPA	PC18	0.009785741436022996	0.979
RPPA	PC19	0.009453883655235256	0.945
RPPA	PC20	0.00924098186516407	0.924
RPPA	PC21	0.008357107778972585	0.836
RPPA	PC22	0.008012463743284449	0.801
RPPA	PC23	0.007866749769509327	0.787
RPPA	PC24	0.007498166161735138	0.75
RPPA	PC25	0.007355317517482313	0.736
RPPA	PC26	0.006899820956282078	0.69
RPPA	PC27	0.006700381956810514	0.67
RPPA	PC28	0.006477070196060054	0.648
RPPA	PC29	0.006226588730061611	0.623
RPPA	PC30	0.00582168398021002	0.582
RPPA	PC31	0.00578891397836753	0.579
RPPA	PC32	0.005576029640915689	0.558
RPPA	PC33	0.005393785006575741	0.539
RPPA	PC34	0.00513361734432687	0.513
RPPA	PC35	0.004905050486064896	0.491
RPPA	PC36	0.00471029169730988	0.471
RPPA	PC37	0.004595784307093661	0.46
RPPA	PC38	0.004472408510037904	0.447
RPPA	PC39	0.004444850762838734	0.444
RPPA	PC40	0.004401747519873252	0.44
RPPA	PC41	0.004257422074986218	0.426
RPPA	PC42	0.004017687519055883	0.402
RPPA	PC43	0.0038463826590092133	0.385
RPPA	PC44	0.0037628223759013394	0.376
RPPA	PC45	0.003617250412606604	0.362
RPPA	PC46	0.0035742412660034104	0.357
RPPA	PC47	0.003523066166623239	0.352
RPPA	PC48	0.003497252955010947	0.35
RPPA	PC49	0.0033499582599038546	0.335
RPPA	PC50	0.003336444138717902	0.334
RPPA	PC51	0.00318393067126926	0.318
RPPA	PC52	0.0031150194197412783	0.312
RPPA	PC53	0.0030232548355328343	0.302
RPPA	PC54	0.0029910759848926797	0.299
RPPA	PC55	0.0029367423306505564	0.294
RPPA	PC56	0.0028915582360760903	0.289
RPPA	PC57	0.002769268137613008	0.277
RPPA	PC58	0.0027248792131552334	0.272
RPPA	PC59	0.0027049692723867904	0.27
RPPA	PC60	0.002631721175584454	0.263
RPPA	PC61	0.002597430244377548	0.26
RPPA	PC62	0.002540366484742808	0.254
RPPA	PC63	0.0024849907117446054	0.248
RPPA	PC64	0.002460323532473359	0.246
RPPA	PC65	0.002417365164044455	0.242
RPPA	PC66	0.002354255678169638	0.235
RPPA	PC67	0.0022275202561346436	0.223
RPPA	PC68	0.0022141108882672276	0.221
RPPA	PC69	0.0021492631848686545	0.215
RPPA	PC70	0.002134966266517641	0.213
RPPA	PC71	0.0021026974554521154	0.21
RPPA	PC72	0.002045150825447615	0.205
RPPA	PC73	0.002010734308700305	0.201
RPPA	PC74	0.0019801836642638782	0.198
RPPA	PC75	0.0019508722799995864	0.195
RPPA	PC76	0.0019042076231024834	0.19
RPPA	PC77	0.0018589732659054128	0.186
RPPA	PC78	0.0018242892656665937	0.182
RPPA	PC79	0.0017994725554408386	0.18
RPPA	PC80	0.001753998503610604	0.175
RPPA	PC81	0.001726715610520439	0.173
RPPA	PC82	0.0016954653928827994	0.17
RPPA	PC83	0.0016787033457528345	0.168
RPPA	PC84	0.0016062846354006233	0.161
RPPA	PC85	0.001588337499645368	0.159
RPPA	PC86	0.0015537023335473231	0.155
RPPA	PC87	0.0015395685600967457	0.154
RPPA	PC88	0.0015297843721136174	0.153
RPPA	PC89	0.0014936379489641246	0.149
RPPA	PC90	0.0014801893806859925	0.148
RPPA	PC91	0.001437000588451217	0.144
RPPA	PC92	0.001402058152322649	0.14
RPPA	PC93	0.0013812952443148358	0.138
RPPA	PC94	0.001366652991061096	0.137
RPPA	PC95	0.0013509479455466884	0.135
RPPA	PC96	0.0013269336717502518	0.133
RPPA	PC97	0.00130784392565235	0.131
RPPA	PC98	0.0012994077754762009	0.13
RPPA	PC99	0.0012649479040541334	0.126
RPPA	PC100	0.0012258698395799226	0.123
RPPA	PC101	0.001194251656524151	0.119
RPPA	PC102	0.0011848717577605267	0.118
RPPA	PC103	0.001136190279401097	0.114
RPPA	PC104	0.0011204174527126055	0.112
RPPA	PC105	0.0011010857071231004	0.11
RPPA	PC106	0.0010699096860862162	0.107
RPPA	PC107	0.001055799498749718	0.106
RPPA	PC108	0.001032703904807128	0.103
RPPA	PC109	0.001010421260167616	0.101
RPPA	PC110	9.977651328722896e-4	0.1
RPPA	PC111	9.745044317093773e-4	0.097
RPPA	PC112	9.559448869002733e-4	0.096
RPPA	PC113	9.420434410296745e-4	0.094
RPPA	PC114	9.214316911129915e-4	0.092
RPPA	PC115	9.03802214228923e-4	0.09
RPPA	PC116	8.843882171238219e-4	0.088
RPPA	PC117	8.527999717780232e-4	0.085
RPPA	PC118	8.486903135280147e-4	0.085
RPPA	PC119	8.42915824589012e-4	0.084
RPPA	PC120	8.331219771319604e-4	0.083
RPPA	PC121	8.263222963790266e-4	0.083
RPPA	PC122	8.006710784126614e-4	0.08
RPPA	PC123	7.927195881355776e-4	0.079
RPPA	PC124	7.786152955788238e-4	0.078
RPPA	PC125	7.590043606558542e-4	0.076
RPPA	PC126	7.501398550993327e-4	0.075
RPPA	PC127	7.347291713172205e-4	0.073
RPPA	PC128	7.02923060135757e-4	0.07
RPPA	PC129	6.932891604975587e-4	0.069
RPPA	PC130	6.791922492961729e-4	0.068
RPPA	PC131	6.63832387347755e-4	0.066
RPPA	PC132	6.491661533962127e-4	0.065
RPPA	PC133	6.4098771213031e-4	0.064
RPPA	PC134	6.363127821177986e-4	0.064
RPPA	PC135	6.147820526771574e-4	0.061
RPPA	PC136	5.972538453585196e-4	0.06
RPPA	PC137	5.914869899171744e-4	0.059
RPPA	PC138	5.857730589730445e-4	0.059
RPPA	PC139	5.63372363344064e-4	0.056
RPPA	PC140	5.605915059143686e-4	0.056
RPPA	PC141	5.555632961548478e-4	0.056
RPPA	PC142	5.480003865116817e-4	0.055
RPPA	PC143	5.27433391548567e-4	0.053
RPPA	PC144	5.225674722856962e-4	0.052
RPPA	PC145	5.197172409216022e-4	0.052
RPPA	PC146	4.932706090954273e-4	0.049
RPPA	PC147	4.7651811381825657e-4	0.048
RPPA	PC148	4.667747592204519e-4	0.047
RPPA	PC149	4.5099078641387723e-4	0.045
RPPA	PC150	4.463156155791924e-4	0.045
RPPA	PC151	4.2489572521829726e-4	0.042
RPPA	PC152	4.144747853742124e-4	0.041
RPPA	PC153	4.040694352442123e-4	0.04
RPPA	PC154	3.9705904775873903e-4	0.04
RPPA	PC155	3.8191031852002764e-4	0.038
RPPA	PC156	3.782911818287061e-4	0.038
RPPA	PC157	3.730370802056046e-4	0.037
RPPA	PC158	3.6167722750225323e-4	0.036
RPPA	PC159	3.577772700808327e-4	0.036
RPPA	PC160	3.473402221787824e-4	0.035
RPPA	PC161	3.4406880807143724e-4	0.034
RPPA	PC162	3.261377049506488e-4	0.033
RPPA	PC163	3.114744154344039e-4	0.031
RPPA	PC164	3.0890288076615316e-4	0.031
RPPA	PC165	3.014217428541104e-4	0.03
RPPA	PC166	2.910174941703696e-4	0.029
RPPA	PC167	2.8379854233830077e-4	0.028
RPPA	PC168	2.7500855179433855e-4	0.028
RPPA	PC169	2.6660724771713785e-4	0.027
RPPA	PC170	2.597324031887048e-4	0.026
RPPA	PC171	2.4939256482318397e-4	0.025
RPPA	PC172	2.415852509209433e-4	0.024
RPPA	PC173	2.3383565048094564e-4	0.023
RPPA	PC174	2.208446749223713e-4	0.022
RPPA	PC175	2.1692224545866935e-4	0.022
RPPA	PC176	2.1509413559473104e-4	0.022
RPPA	PC177	2.0282182829158053e-4	0.02
RPPA	PC178	1.9781862297037472e-4	0.02
RPPA	PC179	1.8722152066316997e-4	0.019
RPPA	PC180	1.8219589574417495e-4	0.018
RPPA	PC181	1.715453132922821e-4	0.017
RPPA	PC182	1.6565764927347444e-4	0.017
RPPA	PC183	1.5934880106558422e-4	0.016
RPPA	PC184	1.4677577380368213e-4	0.015
RPPA	PC185	1.4485579230056621e-4	0.014
RPPA	PC186	1.3221344811651113e-4	0.013
RPPA	PC187	1.231498342131262e-4	0.012
RPPA	PC188	1.0571831952870006e-4	0.011
RPPA	PC189	9.657645132268268e-5	0.01
