sample_id	PC1	PC2	PC3	subtype
TCGA-05-4384-01	-15.963607428936578	-39.28721695171298	-17.22801011819547	LUAD
TCGA-05-4396-01	-25.32175796498374	27.176228200153158	-74.15375025389544	LUAD
TCGA-05-4405-01	-69.53956190537046	39.977594521329515	-4.045172947128071	LUAD
TCGA-05-4410-01	-34.07412262118936	12.743882541316678	-20.971566097323254	LUAD
TCGA-05-4417-01	-54.87221715331605	4.040203695421768	-6.599043865606728	LUAD
TCGA-05-4427-01	-34.396303481363745	-1.4984903590017866	-54.36281258470533	LUAD
TCGA-05-5423-01	-34.277029807120726	-18.65111687182102	-17.39102713298052	LUAD
TCGA-05-5425-01	-6.692965899263308	-25.259689705427306	-23.479619533933043	LUAD
TCGA-05-5429-01	-23.395330860682694	20.733282034161096	-32.30970388751173	LUAD
TCGA-05-5715-01	-64.50771399054689	21.246940109301597	-7.401636489183862	LUAD
TCGA-35-5375-01	6.791833797124605	55.86759286045232	-22.857016842478505	LUAD
TCGA-38-6178-01	-56.44012581627094	2.155389858502138	2.510219246596183	LUAD
TCGA-38-A44F-01	-14.5147372627304	-16.67494657587977	20.806624851006415	LUAD
TCGA-44-2656-01	-43.47608001989558	34.78107238409949	-18.047837272802518	LUAD
TCGA-44-2665-01	-54.70564185134254	0.034046947671528174	21.38421520764587	LUAD
TCGA-44-2668-01	-30.396296598078237	10.430390849634643	2.8260435104429695	LUAD
TCGA-44-3918-01	-52.06038128350426	18.8002852382457	-2.377835314491355	LUAD
TCGA-44-4112-01	-54.61614480477107	22.67179425853808	-26.72793580129594	LUAD
TCGA-44-5643-01	53.528088967372454	4.635718768628539	3.2699769845292006	LUAD
TCGA-44-5644-01	-21.836277511387753	-6.367384977177563	-71.05708956115025	LUAD
TCGA-44-5645-01	-42.67994093634114	-39.97106191281958	27.913852409425044	LUAD
TCGA-44-6145-01	-40.17854892447747	-11.339439673140857	24.456367129963024	LUAD
TCGA-44-6146-01	-26.615396282964024	-12.845941388554012	-16.406251842217113	LUAD
TCGA-44-6148-01	0.19968557714489316	-45.26013187313143	17.05743510844856	LUAD
TCGA-44-6774-01	-31.18933820398291	-35.81553101858995	16.71411758199379	LUAD
TCGA-44-6775-01	-52.95635646083872	1.9477393584747542	12.166020360246895	LUAD
TCGA-44-6776-01	-47.68974980091778	-35.08851264174217	-8.517995337498613	LUAD
TCGA-44-6777-01	-49.8099209962502	-4.3511381317651265	18.387508430727568	LUAD
TCGA-44-6778-01	23.071027096865212	-61.122943900122465	-3.4950259041683034	LUAD
TCGA-44-6779-01	-43.68390980268342	20.762716296639823	7.383572157328064	LUAD
TCGA-44-7659-01	-54.584948694311876	46.56682364376793	-19.657993937910906	LUAD
TCGA-44-7660-01	57.918231192526655	-63.81918517140638	-17.34403726507238	LUAD
TCGA-44-7661-01	-37.75492955255924	-8.235728604535844	13.339756154361723	LUAD
TCGA-44-7662-01	-23.856328044259495	-14.526637667333533	-18.15233961779441	LUAD
TCGA-44-7667-01	-19.6066479026122	-28.30813116414301	-17.880309868721046	LUAD
TCGA-44-7669-01	19.68034616238801	-51.940951521286536	-24.452133783088605	LUAD
TCGA-44-7670-01	-24.767436429174293	14.46631281380641	2.196592033359402	LUAD
TCGA-44-7671-01	-22.12187810463345	-35.96240379993916	-38.74899663836754	LUAD
TCGA-44-7672-01	-51.0915927574105	11.928452276805482	14.265931146025293	LUAD
TCGA-44-8117-01	-80.22225234856985	55.07254146561624	-24.321517282346427	LUAD
TCGA-44-8119-01	29.454673761667372	-80.30515368334882	-56.263224198960316	LUAD
TCGA-44-A479-01	-23.21049237055441	-34.411407419585956	29.372527174120524	LUAD
TCGA-44-A47A-01	-75.77607137264825	47.20707737503322	-11.072974592246332	LUAD
TCGA-44-A47G-01	-50.36099489409769	9.894074936761308	27.274625006632697	LUAD
TCGA-44-A4SS-01	0.2985660729114939	-14.015351901258024	7.899392981715658	LUAD
TCGA-44-A4SU-01	-33.87736743120099	-22.091142597041713	1.0614912287157008	LUAD
TCGA-49-4487-01	-28.89619330846092	-15.594033400574082	27.583679076859845	LUAD
TCGA-49-4488-01	-57.13966479127477	7.412750644155868	-22.362794396597565	LUAD
TCGA-49-4512-01	-58.41148414742925	-8.390624800587215	23.88132503237339	LUAD
TCGA-49-4514-01	-24.533919292183917	-29.760273248446207	16.379077735121616	LUAD
TCGA-49-6742-01	32.02356177171134	-53.43950476352142	-19.772694423620617	LUAD
TCGA-49-6743-01	-17.62862042901387	-23.90605786701019	13.815952506598643	LUAD
TCGA-49-6744-01	-41.033602482095084	-16.601157277022228	23.13637279134622	LUAD
TCGA-49-6745-01	-45.035952401598465	39.56742950589417	-4.730097440620293	LUAD
TCGA-49-6761-01	-60.46990110288625	22.983990178323932	-2.5640311920759893	LUAD
TCGA-49-6767-01	-35.97284126260006	5.001441840314137	7.340240305139189	LUAD
TCGA-49-AAQV-01	-36.77706582465669	-24.23535293630054	38.30926323937528	LUAD
TCGA-49-AAR0-01	-1.2861868431140075	-49.017967837663726	-8.070106550916314	LUAD
TCGA-49-AAR2-01	39.976272174506285	-84.24137409147714	-34.42336119795862	LUAD
TCGA-49-AAR3-01	-19.840598907665974	-3.584069658892754	9.03783483883848	LUAD
TCGA-49-AAR4-01	-14.619014566234304	-6.669046856296232	3.622606441359074	LUAD
TCGA-49-AAR9-01	24.312739131207575	-17.58916434105953	-21.315027146072474	LUAD
TCGA-49-AARE-01	-32.84958201321182	27.588676160929683	2.2994902516658056	LUAD
TCGA-49-AARN-01	-64.82965985686477	40.550967857766814	13.205016366764603	LUAD
TCGA-49-AARO-01	-41.008656374073624	-3.840768779249453	17.103267011408118	LUAD
TCGA-49-AARR-01	0.1980012803836645	-41.86925912342021	35.806006948335124	LUAD
TCGA-4B-A93V-01	-24.326997907882333	-47.65470948043233	-16.37732753593751	LUAD
TCGA-50-5044-01	-44.49139317704097	5.581774956022114	30.601446331961395	LUAD
TCGA-50-5045-01	-36.3950038670074	-25.09932933797698	31.789493523614958	LUAD
TCGA-50-5049-01	-8.419846378239761	-19.11488647399677	-1.6678696759466054	LUAD
TCGA-50-5051-01	-55.445932397258105	14.341668432199898	-25.020424438393157	LUAD
TCGA-50-5066-01	-4.935218213161859	-35.748756167032674	5.06049143255193	LUAD
TCGA-50-5068-01	-48.63291275151785	-0.7326331162946643	21.877235504023833	LUAD
TCGA-50-5072-01	14.396766814238996	-22.57473810117769	-0.16375630126621332	LUAD
TCGA-50-5930-01	11.590952328537941	-45.4051842302193	5.028280969082363	LUAD
TCGA-50-5931-01	30.811848322806505	-17.70595445619076	23.051706837601962	LUAD
TCGA-50-5932-01	-27.79479155960799	-41.14987769973864	-35.27875160495597	LUAD
TCGA-50-5933-01	-33.846879576762376	22.99616389942952	-18.680304341946403	LUAD
TCGA-50-5936-01	-4.989093039348564	1.203748101576097	-7.085042801775575	LUAD
TCGA-50-5939-01	-8.581778617283309	-9.567422384888415	1.3830897719846678	LUAD
TCGA-50-5941-01	-50.265681676334545	-8.866175953683907	18.29191099958973	LUAD
TCGA-50-5942-01	-67.0835432097819	1.9692292383779229	17.8909120765396	LUAD
TCGA-50-5944-01	-41.79786130050418	-38.85418509509446	11.636457969215325	LUAD
TCGA-50-5946-01	24.046442693806757	-49.464467008307736	-32.799445224359985	LUAD
TCGA-50-6590-01	-39.560921927362706	19.61659968931894	26.687941314961652	LUAD
TCGA-50-6591-01	-6.594365934542846	-20.25549596803849	7.73424129298136	LUAD
TCGA-50-6592-01	-26.055918127329903	11.198626111040316	24.032823072167158	LUAD
TCGA-50-6593-01	-52.5129501827667	-5.565509861103424	10.536567218582425	LUAD
TCGA-50-6594-01	-55.66705814418273	3.777478593956903	2.4616764843806447	LUAD
TCGA-50-6595-01	-39.021897810092725	-10.491362863163504	33.4139038801816	LUAD
TCGA-50-6597-01	-71.62477334193677	25.42004114816542	-7.514561903265434	LUAD
TCGA-50-6673-01	-26.119470491791006	-14.666031703773111	-13.601807472243944	LUAD
TCGA-50-7109-01	-21.047209152314892	-11.325477744336625	-31.58902432861255	LUAD
TCGA-50-8457-01	-56.80391208657775	0.9181084968615458	21.585991218362786	LUAD
TCGA-50-8459-01	-16.578885284738927	-5.4238874322648885	6.386075047080741	LUAD
TCGA-50-8460-01	-35.565252999160535	-2.8666308578124564	6.854895358451729	LUAD
TCGA-53-7624-01	-1.683369259272863	0.8287154080352485	13.30575593889129	LUAD
TCGA-53-7626-01	-51.72753840456436	-6.647582999956769	17.400200095069163	LUAD
TCGA-53-7813-01	-40.5580967989587	-23.490186776107528	3.1560879481753745	LUAD
TCGA-53-A4EZ-01	-23.227177118310852	-7.5336626884883975	-22.445766111297903	LUAD
TCGA-55-5899-01	12.764978591719581	-17.63390014384997	-49.189739807734114	LUAD
TCGA-55-6543-01	-51.46271575259554	-28.37754750743507	23.40299245514282	LUAD
TCGA-55-6712-01	-33.28392466852548	11.106076671335744	-10.98561749944174	LUAD
TCGA-55-6969-01	10.63502773685273	-26.90979615547506	-9.278761886734989	LUAD
TCGA-55-6970-01	-43.17495387774789	-8.785406526292382	15.117084497940542	LUAD
TCGA-55-6971-01	-45.61206055301501	-14.14441410216754	19.98572420237255	LUAD
TCGA-55-6978-01	-18.666951043433002	-0.6305920616448535	-1.079016158148519	LUAD
TCGA-55-6979-01	-42.86938492347127	-17.547754671745018	36.99880017730277	LUAD
TCGA-55-6981-01	-39.21020783179325	-14.36468813472375	3.5651621834361475	LUAD
TCGA-55-6982-01	-52.22756344766872	16.425969971112032	6.184817980476825	LUAD
TCGA-55-7573-01	-50.88584475605509	-10.18189155965871	32.86210819586344	LUAD
TCGA-55-7574-01	-50.8806554095573	4.976562647158562	25.33488699829167	LUAD
TCGA-55-7728-01	-36.54725766801367	-13.679174945406759	30.226715200658813	LUAD
TCGA-55-7815-01	-27.233605940705658	-3.4995225036915514	-16.155360543437435	LUAD
TCGA-55-7910-01	-30.46386269656111	-43.24545604806436	0.5592222353407823	LUAD
TCGA-55-7911-01	-61.17141818358309	37.8737644916704	10.518595231504188	LUAD
TCGA-55-8505-01	5.649652522475917	-20.025123674357573	-0.6473328713812535	LUAD
TCGA-55-8506-01	-70.44397537470688	45.02155728897316	-30.340809627327666	LUAD
TCGA-55-8507-01	9.616466785394005	-56.74313942505179	-51.723018080902264	LUAD
TCGA-55-8620-01	6.42490700121573	21.938349155981847	-45.71392269493599	LUAD
TCGA-55-A494-01	-63.60833066978647	14.06777412258542	-38.85119164748349	LUAD
TCGA-62-8394-01	-42.43544260053536	-0.20704402033256597	-9.618723735824165	LUAD
TCGA-62-8395-01	-77.17241610050678	37.55445056908406	-2.6043792932392438	LUAD
TCGA-62-8398-01	-4.893550653610507	-49.19591667125208	-20.282953489659214	LUAD
TCGA-62-A46O-01	14.646556840407346	-28.846671734118985	-24.512544170245143	LUAD
TCGA-62-A46P-01	-64.50279222281128	54.339108707611224	-42.73676984173445	LUAD
TCGA-62-A46R-01	-71.5359534137284	44.637895439572986	-11.234944773704273	LUAD
TCGA-62-A46S-01	-27.93188003861346	-12.634442867521518	-33.07889889959538	LUAD
TCGA-62-A46V-01	-73.17076657713024	59.42440094545253	-0.6116474196673565	LUAD
TCGA-62-A471-01	13.650289822374416	7.024081457934762	-20.784907874841203	LUAD
TCGA-64-1679-01	-8.681325288421782	-50.05937399878359	16.182176387496735	LUAD
TCGA-64-1681-01	-31.426772383559317	-47.14971532766893	8.399815615758447	LUAD
TCGA-64-5774-01	16.935545005602375	-65.84088789897028	-59.868262936235894	LUAD
TCGA-64-5778-01	-24.54861694537073	-15.183074389895442	-19.00668954848804	LUAD
TCGA-64-5779-01	-2.0575387596170702	-38.3288706403767	-28.480065516530505	LUAD
TCGA-64-5781-01	-35.59188909944849	19.353462021105145	18.92423352844864	LUAD
TCGA-64-5815-01	-32.66066168242472	15.218216437363468	-4.588759081959731	LUAD
TCGA-67-6215-01	-82.07966089747781	13.30708048026542	-4.8998559326285465	LUAD
TCGA-67-6216-01	-67.75963255831212	24.05683508528347	18.781191279373022	LUAD
TCGA-67-6217-01	-48.33903776449515	-15.993926938795322	3.888984080099788	LUAD
TCGA-69-7760-01	-30.88024205430273	-6.202001789351133	-20.609013598378713	LUAD
TCGA-69-7761-01	-17.348662285671768	-1.3604241566753321	-0.87295818908392	LUAD
TCGA-69-7763-01	-38.272284255858935	5.3034299816395425	-15.541545804820043	LUAD
TCGA-69-7764-01	-24.85313137431332	-15.170028489612362	-33.652177155887216	LUAD
TCGA-69-7765-01	-43.05256288865178	23.1689074557505	-17.456760714289477	LUAD
TCGA-69-8255-01	26.921944253411425	-47.36229803273613	-3.939917878133536	LUAD
TCGA-69-A59K-01	-55.15730347375472	42.14449707573872	-0.2766475055936734	LUAD
TCGA-71-6725-01	-37.02051844477054	-25.28636639597936	-32.27985721901441	LUAD
TCGA-71-8520-01	-78.5844567678604	38.12025527100166	-15.904877571647452	LUAD
TCGA-73-4658-01	-60.267346065102814	29.596673904600042	15.841641415003785	LUAD
TCGA-73-4676-01	-39.79249544074975	17.32788475625122	-40.118622431350964	LUAD
TCGA-73-7498-01	-43.86606515400594	-42.94882320318324	8.452402988320218	LUAD
TCGA-73-7499-01	-43.41900827201851	11.502098430217231	-1.7328157197665712	LUAD
TCGA-73-A9RS-01	-19.096829310019743	18.173695735524326	-20.879819276235125	LUAD
TCGA-75-5122-01	-29.978378901084223	12.735800984832334	5.3086594615955205	LUAD
TCGA-75-5125-01	-31.275518155052378	11.350450710304932	-20.86090048501387	LUAD
TCGA-75-6203-01	-35.764274052646186	-44.542472353951645	48.661737331183176	LUAD
TCGA-75-6205-01	-44.16849939795039	17.160709071349082	30.25182959531271	LUAD
TCGA-75-6206-01	-29.896329972000483	-36.86587641029056	-26.944212484880808	LUAD
TCGA-75-6207-01	-36.63109680964905	53.31555873098763	-55.49595851949117	LUAD
TCGA-75-6211-01	-29.169080877827987	-20.053258575102042	-20.84709651997843	LUAD
TCGA-75-6212-01	-46.619531407194245	-30.801725036815107	41.35508731370747	LUAD
TCGA-75-6214-01	11.020856852588452	-33.59965626834557	-14.919187917077508	LUAD
TCGA-75-7027-01	5.556623071492186	-34.67705406675925	-36.57569209920865	LUAD
TCGA-75-7030-01	-9.70416201632684	-21.475109330380235	12.112443777252413	LUAD
TCGA-75-7031-01	-3.2774912142980073	-61.71668325508376	-15.560520022798828	LUAD
TCGA-78-7143-01	-72.42344399049783	24.007751334426395	-11.739143235367683	LUAD
TCGA-78-7145-01	-59.382727464341286	-3.1560850172123116	-20.535572386934803	LUAD
TCGA-78-7146-01	-51.07118197663824	31.892572368403492	-17.90557165764978	LUAD
TCGA-78-7147-01	-60.02650695477152	26.128951848188333	-35.20564394023725	LUAD
TCGA-78-7148-01	0.3239766734796721	-63.589091002360625	-26.455377084776995	LUAD
TCGA-78-7149-01	-13.685941342781204	-27.714071693247003	-58.93531144951629	LUAD
TCGA-78-7150-01	29.768543248468518	-36.70368894141118	-18.774343015268137	LUAD
TCGA-78-7152-01	-41.86471667296934	5.495021742398339	-31.440830194991037	LUAD
TCGA-78-7153-01	-84.52055035368248	52.800059833580086	-28.32549830436657	LUAD
TCGA-78-7154-01	-28.77763224021129	50.91022105443762	-32.23543891779177	LUAD
TCGA-78-7155-01	32.758548655608685	-45.74153869453064	-44.285045163118625	LUAD
TCGA-78-7156-01	-13.988093298728467	-54.1349383626207	-32.08856642826141	LUAD
TCGA-78-7158-01	-90.48416199567798	34.939002062652854	-31.07382452231359	LUAD
TCGA-78-7159-01	-41.51145257259307	-8.760120807235923	-34.74347766748979	LUAD
TCGA-78-7160-01	-12.914994919504052	-31.757624086129482	9.643143818364624	LUAD
TCGA-78-7161-01	-58.887220111619435	14.286589651959561	-56.51486264353251	LUAD
TCGA-78-7162-01	-19.50394703559884	-30.325432645592265	-5.80610756247516	LUAD
TCGA-78-7163-01	-23.542290399643953	-40.88834894250837	0.007926763537724476	LUAD
TCGA-78-7166-01	-1.5493610752144782	-50.187948408576965	-19.524991508509814	LUAD
TCGA-78-7167-01	-9.309016899020962	-48.10983914480726	-75.45786783884364	LUAD
TCGA-78-7535-01	-56.979402207666304	15.882706705625324	-27.083397863058057	LUAD
TCGA-78-7536-01	21.1328717331563	-59.06263544010763	-61.41168824003106	LUAD
TCGA-78-7537-01	-50.59278561283033	4.163992044598385	-19.152756284398606	LUAD
TCGA-78-7539-01	-48.112989376056134	-1.7258050582356659	-29.425114629257248	LUAD
TCGA-78-7540-01	-46.671015695878175	19.67155514964729	-12.345668492279687	LUAD
TCGA-78-7542-01	-6.292400122741582	-24.91240905895359	-32.67792131568135	LUAD
TCGA-78-7633-01	-15.125501880184258	-47.32094794811967	-45.97837808991711	LUAD
TCGA-78-8662-01	-30.285136686555397	14.222037361635516	-68.56162992794246	LUAD
TCGA-80-5607-01	-63.87636019563338	32.29934143382602	9.1676655745962	LUAD
TCGA-80-5608-01	-45.848730793077046	-17.922378708707353	-22.442059895513953	LUAD
TCGA-80-5611-01	17.33636845333618	-22.317985104296476	-29.967802110963234	LUAD
TCGA-83-5908-01	-54.81352981876287	18.613967193082555	12.90782434133569	LUAD
TCGA-86-6562-01	-28.313062080892536	-4.490420044696555	-35.002182149810395	LUAD
TCGA-86-6851-01	-36.75424560971791	-5.080885758407353	-8.2796671181950785	LUAD
TCGA-86-7701-01	-33.08334441361045	14.645783450103753	-28.391854014357673	LUAD
TCGA-86-7711-01	17.152350113647234	-34.39808479786544	8.416568739685669	LUAD
TCGA-86-7713-01	-12.66365403147216	-47.99838244342889	-39.570503069341036	LUAD
TCGA-86-7953-01	-29.821489341105064	-28.722417808824865	11.982283453411068	LUAD
TCGA-86-7954-01	-34.969991648583225	-33.24726824745347	17.545678262650476	LUAD
TCGA-86-7955-01	18.132993207066857	-13.84141774566065	-55.64669943515373	LUAD
TCGA-86-8054-01	1.6645109219118994	-27.09282718054059	-51.3262568781045	LUAD
TCGA-86-8055-01	4.536684032193069	-29.443162266576635	-16.213693431108332	LUAD
TCGA-86-8056-01	-56.095886375270545	0.351894744015449	-8.031484318084072	LUAD
TCGA-86-8073-01	-26.403017743374065	-11.92330905726974	-6.250624633922236	LUAD
TCGA-86-8074-01	-56.164959622510025	-5.660253118635877	-13.83788237468438	LUAD
TCGA-86-8075-01	-23.306817524607293	-42.62077098656664	13.940728827404023	LUAD
TCGA-86-8076-01	-21.14083689526334	-21.604850022718143	8.481181433474214	LUAD
TCGA-86-8278-01	-54.131868679261004	24.19261815181308	-0.5767078645396378	LUAD
TCGA-86-8279-01	-12.048517084483432	-41.062773626512914	-40.586707399961504	LUAD
TCGA-86-8280-01	-36.47979333588442	-27.854046588927243	13.365595351313962	LUAD
TCGA-86-8281-01	-14.847244976419539	-29.02901581167952	-27.392000002546997	LUAD
TCGA-86-8358-01	-3.0814314543219905	17.647352223489566	-42.781755014783826	LUAD
TCGA-86-8359-01	-24.261175957067653	-13.924153321524846	-26.76769810111387	LUAD
TCGA-86-8585-01	17.794812108380693	-41.077433267374296	5.504102177753559	LUAD
TCGA-86-8668-01	-59.966967783214315	-0.14712618434450947	8.888947689126478	LUAD
TCGA-86-8669-01	-16.02749711537912	-23.42412080236312	-35.36018100127556	LUAD
TCGA-86-8671-01	-47.96037505198565	-3.8592763908431045	38.76372108829047	LUAD
TCGA-86-8673-01	-48.53061534304862	38.76009456249159	-19.880656904030715	LUAD
TCGA-86-A456-01	-68.90991784646194	30.792348459988894	10.74263345652367	LUAD
TCGA-86-A4D0-01	-27.312356622388403	8.912732223589204	-44.73604546682194	LUAD
TCGA-86-A4JF-01	-39.81741952417961	13.839061714806007	-17.32542392332462	LUAD
TCGA-86-A4P7-01	-57.28982909658747	8.918585084105668	23.75303129934727	LUAD
TCGA-86-A4P8-01	-34.531596660314236	-38.687634063916214	56.87458130050366	LUAD
TCGA-91-6828-01	-38.97777779768781	13.210220140249511	-46.30785074470749	LUAD
TCGA-91-6829-01	-9.473433655896972	-7.019251385854481	-43.68668685664528	LUAD
TCGA-91-6830-01	-20.2168356576547	-36.199436570186606	24.88322488995092	LUAD
TCGA-91-6831-01	7.246317742247214	-36.866159539630985	-39.357677434360504	LUAD
TCGA-91-6835-01	-39.6604531001366	5.585763111312097	24.274927859006098	LUAD
TCGA-91-6836-01	-68.82598299696916	48.38403226363855	-23.658042489054637	LUAD
TCGA-91-6840-01	-4.2281661494645	-45.84041644376396	-2.889056380228832	LUAD
TCGA-91-6847-01	-11.628921711748658	36.76250676886845	-32.21409795353643	LUAD
TCGA-91-6848-01	0.493033296092401	17.225532291369166	12.562102069152655	LUAD
TCGA-91-6849-01	-65.93556758181876	4.24797279617716	7.7483740895735425	LUAD
TCGA-91-7771-01	-30.62291328253214	19.66006489786937	-22.845223536014064	LUAD
TCGA-91-8496-01	-61.141991457614346	-15.208865050607997	22.565783042110404	LUAD
TCGA-91-8497-01	-58.65639838139508	-2.7574372805574443	16.34428657439075	LUAD
TCGA-91-8499-01	43.09206650661074	-12.366958951446561	-27.96950013828981	LUAD
TCGA-91-A4BC-01	-9.757074693813301	-13.501544121836792	-3.9612430976552915	LUAD
TCGA-91-A4BD-01	-32.613104048645894	-17.392795452891345	10.602123124076689	LUAD
TCGA-93-7348-01	-44.91774996509999	-3.3799157439358187	27.52987392453005	LUAD
TCGA-93-A4JN-01	-35.683435652269836	19.66065447871504	-18.983999787139627	LUAD
TCGA-93-A4JO-01	-22.325058193292726	-10.868111139272834	6.180537158428467	LUAD
TCGA-93-A4JP-01	-4.086459130440065	-31.0555868689106	5.689699522811447	LUAD
TCGA-93-A4JQ-01	-8.390146713930019	-16.285548587711656	12.072883770491789	LUAD
TCGA-95-7039-01	-57.614792953543606	28.037355027768083	-41.0582939361305	LUAD
TCGA-95-7043-01	-35.68065782591923	26.24713943340509	-36.03462343061344	LUAD
TCGA-95-7567-01	-63.37018598165764	59.910354919234166	-35.70071815389461	LUAD
TCGA-95-7944-01	-9.641266309775583	-22.0873953362488	15.206743088246002	LUAD
TCGA-95-7947-01	-3.989958268570279	25.795932273158442	-14.441681338285278	LUAD
TCGA-95-7948-01	-64.2052645026043	30.678631985960163	-13.043351657403244	LUAD
TCGA-95-A4VK-01	-33.659389164614446	-2.963962142495111	-11.645969783950436	LUAD
TCGA-95-A4VN-01	-47.251995200790425	2.130729719766354	8.428637604439007	LUAD
TCGA-95-A4VP-01	-31.27157290305257	-23.335817391207062	8.640352959589498	LUAD
TCGA-97-7546-01	-47.89685221443345	-24.87454989865164	26.064573856509885	LUAD
TCGA-97-7552-01	-19.414379549107863	-4.87447193381418	11.382515021369855	LUAD
TCGA-97-7553-01	-40.540156026312815	-30.890357854750093	27.862563056237356	LUAD
TCGA-97-7554-01	-57.85254142928713	34.12208447834548	-15.344857410700572	LUAD
TCGA-97-7937-01	-26.764481702966947	-2.627559514190367	-61.08079885074306	LUAD
TCGA-97-7938-01	-55.11985193064194	-14.153856266886985	10.660132825368734	LUAD
TCGA-97-7941-01	-48.77331009771919	2.681376417925816	20.421596019708627	LUAD
TCGA-97-8179-01	-20.350476246993924	-35.82727387504829	-40.34646767257064	LUAD
TCGA-97-A4M0-01	-85.93753364028935	53.54270513012187	-6.704272509539451	LUAD
TCGA-97-A4M2-01	-20.607833856948066	-28.516958065673066	17.869698480227857	LUAD
TCGA-97-A4M5-01	-10.934101842277734	-21.81006833359982	7.535289591885427	LUAD
TCGA-97-A4M6-01	-47.16028102323939	-17.47292350396839	35.12235524542493	LUAD
TCGA-97-A4M7-01	-29.756391757603893	-4.089824575825427	-12.494624195191411	LUAD
TCGA-99-7458-01	-60.289158691855384	5.293565191713311	18.77055804756282	LUAD
TCGA-99-8028-01	-45.249647783357275	-9.946517534921329	33.89232771309018	LUAD
TCGA-J2-8192-01	-27.76577356517679	-41.57524189055771	16.053362369767203	LUAD
TCGA-J2-8194-01	-42.49987593773325	-31.989007661206013	-22.184278786926427	LUAD
TCGA-J2-A4AD-01	-3.223385077823617	-24.1643894867168	0.8585889405700545	LUAD
TCGA-J2-A4AG-01	-47.3085787009832	-2.4713418891479226	14.173041225264166	LUAD
TCGA-L4-A4E5-01	-62.200803945061125	19.929787493011276	-13.481241421942888	LUAD
TCGA-L4-A4E6-01	-16.49903955599501	-29.534790831985248	26.93511317556874	LUAD
TCGA-L9-A443-01	-66.80977668617223	35.38475310040522	-7.7210885273630785	LUAD
TCGA-L9-A444-01	-67.30596579567506	33.89517178771143	0.03307718527068515	LUAD
TCGA-L9-A50W-01	-46.95159411913864	0.22045929259350153	-18.571411000392786	LUAD
TCGA-L9-A5IP-01	-4.771608056165739	-39.14058697381209	7.743984961756344	LUAD
TCGA-L9-A743-01	-24.042483214978688	-10.11365820015212	8.85745074412363	LUAD
TCGA-L9-A7SV-01	-10.917929719310864	-17.41590299293533	-82.67363381652248	LUAD
TCGA-L9-A8F4-01	-19.776682898763465	-45.393082738932385	33.93393801822561	LUAD
TCGA-MN-A4N1-01	-50.58992406730308	33.59287361918128	-45.25864565613694	LUAD
TCGA-MN-A4N4-01	-1.8188842232015818	-23.899289405124314	-24.281572699839522	LUAD
TCGA-MP-A4SV-01	-16.185920732192606	-2.5697651167164755	-46.17002604325442	LUAD
TCGA-MP-A4SW-01	-34.406060631787355	4.5932278284649	-23.34632844498993	LUAD
TCGA-MP-A4SY-01	-29.411142285500226	21.302618254168056	-5.213156467442361	LUAD
TCGA-MP-A4T4-01	-38.76589646494218	-7.303178445949499	21.467570618335504	LUAD
TCGA-MP-A4T6-01	-57.81742072206917	17.18582218465832	-24.616919732663685	LUAD
TCGA-MP-A4T7-01	-51.74924612683396	-10.904162708503806	12.534702620380614	LUAD
TCGA-MP-A4T8-01	-34.46968989329314	2.343607584033512	-49.69377386200118	LUAD
TCGA-MP-A4T9-01	-45.13617518790893	-10.05224532732773	32.99650452427766	LUAD
TCGA-MP-A4TA-01	-10.767401072433657	-27.794151598694487	31.181187500559385	LUAD
TCGA-MP-A4TC-01	-31.64544218346802	-3.2418232527930493	-3.0743425805354647	LUAD
TCGA-MP-A4TD-01	-27.804868064821186	7.892048319452822	-22.972944850363255	LUAD
TCGA-MP-A4TE-01	-30.09760638447723	13.813112821764303	-75.37845567124312	LUAD
TCGA-MP-A4TF-01	-25.4134792342168	16.138247502745426	-0.4878277058703193	LUAD
TCGA-MP-A4TH-01	-45.604173596585866	-23.325593547540812	25.96404250573682	LUAD
TCGA-MP-A4TI-01	-26.389507651381972	17.127803912283305	6.916200002851527	LUAD
TCGA-MP-A4TJ-01	-33.903554036784186	-20.150570848096372	25.247274551473893	LUAD
TCGA-MP-A4TK-01	-53.250804538522914	12.051480482095508	10.041461262236751	LUAD
TCGA-MP-A5C7-01	-54.81010837508478	-17.090391416191114	-35.05809602295344	LUAD
TCGA-NJ-A4YF-01	-42.58275956086126	-11.887019559237157	-22.261531414178993	LUAD
TCGA-NJ-A4YG-01	-35.80723850819563	6.192276863147728	-7.273774258835005	LUAD
TCGA-NJ-A4YI-01	-65.04441913187475	38.76419982870561	-29.85944674018619	LUAD
TCGA-NJ-A55A-01	-33.1669591835319	-7.153466360797309	27.44983440486253	LUAD
TCGA-NJ-A55O-01	-30.83393145927635	-33.85184390874506	28.4810083981169	LUAD
TCGA-NJ-A55R-01	1.0738318546125143	-25.29717023459137	-19.160807521274272	LUAD
TCGA-NJ-A7XG-01	-48.07741947392784	-0.38048051037671005	-27.057170653637332	LUAD
TCGA-O1-A52J-01	-30.59323952897982	-49.71582905822761	3.2849722641535997	LUAD
TCGA-S2-AA1A-01	-41.60642506801523	-20.980844713629185	38.801329508149905	LUAD
TCGA-18-4721-01	21.89121824642027	43.2930988283283	23.14979021625238	LUSC
TCGA-18-5592-01	62.38552349916864	73.99776050992247	-1.6898419496407366	LUSC
TCGA-21-5782-01	38.19397386996172	-17.53728562802128	24.932485066034108	LUSC
TCGA-21-5784-01	-6.255453705774664	-27.318864841904265	50.928498870437	LUSC
TCGA-21-5786-01	44.753501009623356	31.045718344978567	13.655186967370375	LUSC
TCGA-21-5787-01	21.34021033282759	-36.68753835438527	-9.49208871688215	LUSC
TCGA-22-4605-01	22.22899256186038	-9.142848622065822	34.89857482235409	LUSC
TCGA-22-4609-01	36.02787143680722	-12.225201737999022	13.885528144180471	LUSC
TCGA-22-5471-01	63.0375263805304	21.53862118764652	15.409958479517275	LUSC
TCGA-22-5472-01	14.325492714648943	9.347794920572099	-1.4617909105395062	LUSC
TCGA-22-5473-01	67.17557546697518	58.458157361300344	-6.083908553669761	LUSC
TCGA-22-5474-01	33.22377382834117	42.25547869147203	13.90377253571827	LUSC
TCGA-22-5477-01	76.42887885221685	75.18176483226988	-14.41566526670381	LUSC
TCGA-22-5478-01	62.749976388574375	-30.531979222978226	-12.742384162174783	LUSC
TCGA-22-5479-01	52.46731911095832	29.823305949715053	7.690518283520298	LUSC
TCGA-22-5480-01	23.619365613286046	46.89941009441591	26.106337591624115	LUSC
TCGA-22-5482-01	65.25487608000886	28.739610218154002	-2.619930185262725	LUSC
TCGA-22-5483-01	39.06373321053753	38.4381514526691	-7.728870748330128	LUSC
TCGA-22-5485-01	48.60042417653488	16.532436902935448	6.159650536037882	LUSC
TCGA-22-5489-01	29.540590324811713	13.956630771071135	28.971764288747437	LUSC
TCGA-22-5491-01	91.99052424025119	34.40145564007147	-11.177332238427143	LUSC
TCGA-22-5492-01	35.188107572028166	-24.54290437147885	20.564776158488986	LUSC
TCGA-22-A5C4-01	31.52895797247625	48.66369826759177	-15.446744113000431	LUSC
TCGA-33-4566-01	-23.7401302264463	46.459110984201835	-14.201989378480933	LUSC
TCGA-33-4582-01	73.18920165191865	-19.801494620951207	1.4213743377623393	LUSC
TCGA-33-4586-01	55.542808329965084	26.167232775913497	24.779007016089082	LUSC
TCGA-33-4589-01	5.706349572850308	4.111972705819431	28.496797492542534	LUSC
TCGA-33-6738-01	11.187631045373347	22.28578432904419	-1.5914277015856206	LUSC
TCGA-33-A4WN-01	49.533162903745954	7.89879917683558	7.72678025333924	LUSC
TCGA-33-A5GW-01	72.25269620697884	54.89038238392063	0.47087827195379106	LUSC
TCGA-33-AASB-01	-1.9604341224151653	11.0039458942658	-23.05186379240054	LUSC
TCGA-33-AASD-01	79.23672348009315	23.6081736717887	-4.794968150477252	LUSC
TCGA-33-AASI-01	1.3835193698667283	24.563333331715512	24.66258630855114	LUSC
TCGA-33-AASJ-01	41.93245282029949	86.68518716498774	-5.574756374782162	LUSC
TCGA-34-5231-01	79.61176811433448	-1.9961780670673221	-38.6251999733545	LUSC
TCGA-34-5232-01	-6.308658560462827	24.678532031891137	50.267441714390934	LUSC
TCGA-34-5234-01	-17.916653953944593	-24.69051124644741	48.694201412161476	LUSC
TCGA-34-5236-01	49.459139337881545	-26.746521161043525	27.726498841745055	LUSC
TCGA-34-5239-01	26.69756325011631	27.061847799792716	0.6366606422503882	LUSC
TCGA-34-5241-01	43.00933111059082	-33.05133578988952	25.256930177312974	LUSC
TCGA-34-5927-01	58.01710791200002	-54.11679024047831	-23.28853572798291	LUSC
TCGA-34-5928-01	34.32985605775404	2.806016633471669	24.06515476226482	LUSC
TCGA-34-5929-01	57.24790233652141	-50.870783896091545	5.957247099381994	LUSC
TCGA-34-7107-01	70.45875666047942	31.763482731251674	21.858222270618537	LUSC
TCGA-34-8454-01	18.117822437045543	-28.736368463937833	41.95032140852229	LUSC
TCGA-34-8455-01	33.39019869472301	-15.498944829125604	3.6529614190080846	LUSC
TCGA-34-8456-01	64.55097820691171	-1.8481084098661082	18.081318062016177	LUSC
TCGA-34-A5IX-01	33.92404156564186	14.1679841988394	21.861453017674652	LUSC
TCGA-37-5819-01	36.57854782378392	-90.31708213860094	-46.05658812364151	LUSC
TCGA-37-A5EL-01	24.698194397857556	123.66815647806719	-17.51894437505435	LUSC
TCGA-37-A5EN-01	70.02388537438856	26.796573418078093	-0.3240825845187504	LUSC
TCGA-39-5011-01	-41.17660915273818	-17.721387285936192	23.984032443521013	LUSC
TCGA-39-5016-01	56.353744269308	52.821364504633216	14.136484143433018	LUSC
TCGA-39-5019-01	63.17435319975499	-4.813474133033178	17.816925509874885	LUSC
TCGA-39-5021-01	54.86729795628821	-29.38031351882904	18.907370665485992	LUSC
TCGA-39-5022-01	16.994038839061005	-7.804243178572375	22.546534989455598	LUSC
TCGA-39-5024-01	12.641185902873552	-6.251840710079335	40.604901736908914	LUSC
TCGA-39-5027-01	91.56680588196033	-17.945819232105706	-1.345718055238185	LUSC
TCGA-39-5028-01	26.55890284139472	-18.717934607837783	17.09007667147969	LUSC
TCGA-39-5029-01	68.58073967394637	-32.62175793324152	-4.133414614211012	LUSC
TCGA-39-5030-01	6.117332683589331	-7.316388654659863	43.55273381459233	LUSC
TCGA-39-5031-01	34.2766991949811	-0.3903313786290153	38.789096812605955	LUSC
TCGA-39-5034-01	-5.683711554338144	-63.69023687190274	-13.132589594873284	LUSC
TCGA-39-5035-01	-4.809283806284536	1.7057986108530525	14.370483823628977	LUSC
TCGA-39-5037-01	87.52090623416206	17.565874784764272	-1.8875547885679034	LUSC
TCGA-39-5040-01	-5.039182853218977	41.970825944845615	-2.9586143605095385	LUSC
TCGA-43-5668-01	6.163786472331834	-21.4624945726876	-19.328539755134	LUSC
TCGA-43-5670-01	53.31152701527627	10.62240669523624	-8.72522507431502	LUSC
TCGA-43-6143-01	97.60109794400047	-58.45919624708278	-49.08016626421039	LUSC
TCGA-43-6770-01	61.4582837382345	-14.442543398912662	22.452902830977738	LUSC
TCGA-43-6771-01	-14.625927540902309	16.27563022196167	-1.5920223581915187	LUSC
TCGA-43-7656-01	65.24412543029624	-59.12524490879744	-0.6244150829956452	LUSC
TCGA-43-7658-01	8.475450795682601	-4.3843038532867125	28.875222911224533	LUSC
TCGA-43-8115-01	28.42283898043284	-4.39996033255461	32.33064989690446	LUSC
TCGA-43-8118-01	24.521716726510437	-3.509220387856513	41.32988806210665	LUSC
TCGA-43-A474-01	78.75200694820398	-16.87143434033388	-22.931656611347375	LUSC
TCGA-43-A475-01	21.803244797358232	6.9902978870409695	43.62740126879802	LUSC
TCGA-43-A56V-01	61.44907208540251	-17.752744555721595	-1.7958578128671643	LUSC
TCGA-46-6025-01	50.04861087314997	29.15229071685909	9.74947698609645	LUSC
TCGA-46-6026-01	89.81027287500163	-36.80800704351293	-76.04010182130587	LUSC
TCGA-52-7810-01	42.77169008882205	-22.597138233877452	30.476141303127886	LUSC
TCGA-52-7811-01	57.128951307129476	-31.94356608501615	15.586126104146981	LUSC
TCGA-52-7812-01	-44.555863760252194	10.653988369357377	-9.04115513281827	LUSC
TCGA-56-5897-01	37.437286262371586	-44.08128150496431	29.77910566453554	LUSC
TCGA-56-5898-01	54.638141676400224	5.1096548204585215	8.72407581244052	LUSC
TCGA-56-6545-01	12.546136685480983	10.46109433602156	36.68629795322266	LUSC
TCGA-56-6546-01	41.01028650407644	-55.28515966749458	5.458215157245382	LUSC
TCGA-56-7221-01	69.55056801449024	-46.315880928475536	-21.339376984719497	LUSC
TCGA-56-7222-01	42.43172843719782	-6.398363546327557	-40.68382119568517	LUSC
TCGA-56-7730-01	79.67294859922576	68.05727602738558	1.9692963950881304	LUSC
TCGA-56-8083-01	90.73254374933623	-86.08354577531448	-33.76485718807509	LUSC
TCGA-56-8309-01	20.972036712943183	-16.705212061026376	28.37199863859853	LUSC
TCGA-56-A4BX-01	97.73994376135032	27.667508167477784	-26.4288738328883	LUSC
TCGA-56-A5DS-01	0.17380603112859327	6.889372528062618	36.29968150386331	LUSC
TCGA-58-8386-01	30.460472464310108	-4.0980245776566395	2.2779314084263547	LUSC
TCGA-58-8388-01	42.955756212480196	9.491234339546939	4.112932793215871	LUSC
TCGA-58-8391-01	49.753725440268276	68.02157726907866	6.591703599632175	LUSC
TCGA-58-8392-01	103.23651552651894	-19.513994129399926	-7.789647557048663	LUSC
TCGA-58-8393-01	-8.625625098502896	21.944007448292428	50.92408899810506	LUSC
TCGA-58-A46J-01	36.87484870244942	-30.984497565874328	11.945408182699188	LUSC
TCGA-58-A46K-01	43.42780570599143	21.232936421507254	15.671581866824633	LUSC
TCGA-58-A46L-01	64.43041742392232	-4.393549741824385	11.164739167730783	LUSC
TCGA-58-A46M-01	42.43773373552401	78.98562454026076	6.351431001961017	LUSC
TCGA-58-A46N-01	82.53136240549956	63.05639503250865	-11.688066762790461	LUSC
TCGA-60-2697-01	-5.905400836616467	-41.03697114098119	44.11234847990317	LUSC
TCGA-60-2703-01	45.76708570572948	-50.6625716546352	20.33083927167366	LUSC
TCGA-60-2704-01	37.31779764701167	-10.722531623704999	29.55804825123389	LUSC
TCGA-60-2709-01	26.451641373138024	-10.81910036296002	28.283812022087353	LUSC
TCGA-63-5128-01	97.08651165796047	36.27457178863732	-6.223355717289279	LUSC
TCGA-63-5131-01	75.4287788286856	-44.87525064319119	-13.913613552965476	LUSC
TCGA-63-6202-01	-38.482322960318655	22.021923402850053	-11.825216237392107	LUSC
TCGA-63-7020-01	53.8951262693545	-20.694043370159566	-10.796004517915907	LUSC
TCGA-63-7021-01	40.77049366102296	-26.99651166178042	21.540687180753626	LUSC
TCGA-63-7022-01	9.270733835279108	-29.678024571291292	39.50160761805443	LUSC
TCGA-63-7023-01	98.60851531176182	10.36962060231437	-25.154790065273012	LUSC
TCGA-63-A5MB-01	44.318040912582454	67.1743716135307	17.051075356020345	LUSC
TCGA-63-A5MG-01	-1.4735247806125589	27.88531090238034	13.908123761142097	LUSC
TCGA-63-A5MI-01	58.10758888499985	-6.54482945324576	-16.64881952782065	LUSC
TCGA-63-A5MJ-01	18.616645255989454	96.80927506651875	9.101716395204932	LUSC
TCGA-63-A5ML-01	56.92858169677839	76.3121669563276	8.19894654231197	LUSC
TCGA-63-A5MM-01	-45.38774051331719	30.948587873488982	21.34667939108654	LUSC
TCGA-63-A5MN-01	-30.235063567761934	-27.48353689160758	41.6428897746428	LUSC
TCGA-63-A5MP-01	32.4374265822028	40.701679360639304	10.10215936934168	LUSC
TCGA-63-A5MS-01	24.40449472499721	16.435035085065454	10.161892546727566	LUSC
TCGA-63-A5MT-01	24.861411715116844	9.629935067999357	5.121024830246769	LUSC
TCGA-63-A5MU-01	96.29741167459409	26.69303353340826	-35.10442236435054	LUSC
TCGA-63-A5MV-01	40.791346071640326	-28.91901213254963	14.092451724355623	LUSC
TCGA-63-A5MY-01	82.2987686316462	-3.57959246973788	-33.36674088876902	LUSC
TCGA-68-7756-01	38.031633656680555	-21.875631222979884	2.0105017475736284	LUSC
TCGA-68-7757-01	27.55598306658921	-20.429518076339132	12.51681077148443	LUSC
TCGA-68-A59I-01	-4.245961389847559	-3.9920429486543347	40.25215058415568	LUSC
TCGA-68-A59J-01	27.33959007827961	27.7683167761276	40.57452977436406	LUSC
TCGA-70-6722-01	-0.6009747022017085	-35.05518668751572	5.870304030623919	LUSC
TCGA-70-6723-01	96.4020943585795	26.76440898400208	-0.09474461024173038	LUSC
TCGA-77-6842-01	60.07757692637981	-34.268693926979964	-2.731318027230763	LUSC
TCGA-77-6843-01	75.21094421622455	15.169153410376435	-0.297623095761556	LUSC
TCGA-77-6844-01	72.79010319461088	-32.902566795504455	-21.57986836469088	LUSC
TCGA-77-6845-01	86.83420294431325	41.93559726935323	-17.33794367424721	LUSC
TCGA-77-7139-01	90.66111104683107	30.6533768783265	-30.74103036222522	LUSC
TCGA-77-7141-01	36.33641096140419	78.35438901243009	-25.173273538876856	LUSC
TCGA-77-7142-01	-11.648709331947828	66.2846291147116	32.891659420858886	LUSC
TCGA-77-7335-01	10.954324883497963	47.57209002624817	38.38258408941936	LUSC
TCGA-77-7337-01	36.078697595685384	14.35698949188927	2.328132449234045	LUSC
TCGA-77-7338-01	53.64068758914547	4.4886173165130385	12.702707740059186	LUSC
TCGA-77-7463-01	75.54530182717396	-48.83751453358794	-10.56113879787839	LUSC
TCGA-77-7465-01	63.20353802083191	13.873859551529094	-2.837346532850909	LUSC
TCGA-77-8143-01	73.80189409049227	-67.8434508164435	-31.27730251844231	LUSC
TCGA-77-8150-01	87.29054855578376	22.125269969925803	2.5150279953770642	LUSC
TCGA-77-8153-01	60.066682653160505	33.555581520875165	4.716193708506253	LUSC
TCGA-77-8154-01	55.31774416483673	-9.493312734929756	-20.724776272890306	LUSC
TCGA-77-A5FZ-01	-7.301482922501552	-43.96112517641796	58.53010434905497	LUSC
TCGA-77-A5G1-01	14.896331934220763	-29.770844005883717	29.213481198979824	LUSC
TCGA-77-A5G3-01	82.15507756329644	46.83750727033385	8.944680017139786	LUSC
TCGA-77-A5G6-01	76.16005229757545	20.895007855837612	1.2888815262965705	LUSC
TCGA-77-A5GF-01	20.323690942594396	92.28922845528466	-2.857989493531648	LUSC
TCGA-77-A5GH-01	31.632231116009624	-7.890459029581669	9.186264998082324	LUSC
TCGA-79-5596-01	94.49387453576537	-33.549481413452106	-4.120082119504266	LUSC
TCGA-85-6175-01	-13.515749295333796	-11.056631915250343	34.00427133117375	LUSC
TCGA-85-6560-01	-7.473105197949556	41.21156822695828	16.100440985067877	LUSC
TCGA-85-6561-01	44.470354190533385	13.584420389230715	21.97845380575422	LUSC
TCGA-85-6798-01	66.6698781832087	29.012278362107203	-8.687788553956475	LUSC
TCGA-85-7696-01	53.32216975481144	39.52447062991181	21.43065712913236	LUSC
TCGA-85-7697-01	39.388146297685815	-19.234735710131964	25.24761769525299	LUSC
TCGA-85-7698-01	43.30565744772688	61.899382303415315	14.341891139137006	LUSC
TCGA-85-7699-01	33.03093741107899	51.53719673069877	4.050719152173022	LUSC
TCGA-85-7710-01	26.30715569555374	43.22165712934111	27.69275427363071	LUSC
TCGA-85-7843-01	59.51182619202	30.657371270100807	-17.84184396731111	LUSC
TCGA-85-7844-01	42.61104700449439	27.696892036468647	12.104345041958364	LUSC
TCGA-85-7950-01	57.690250805013136	1.5023177106163013	10.873862067416898	LUSC
TCGA-85-8048-01	19.028010656036788	-24.731273251719426	30.024469571388874	LUSC
TCGA-85-8049-01	20.642662908991984	21.647156646124646	22.489202243718545	LUSC
TCGA-85-8072-01	44.5962140028685	40.86350072464524	-1.9067029821683483	LUSC
TCGA-85-8276-01	34.58259146030617	31.3554474915058	7.520859267535936	LUSC
TCGA-85-8287-01	41.729343892259394	-14.980828054739462	16.570554353025553	LUSC
TCGA-85-8288-01	46.34168530783942	24.093922589174184	-3.9939092957333306	LUSC
TCGA-85-8350-01	45.486429436078254	-13.737764120259188	20.814650364982977	LUSC
TCGA-85-8351-01	36.0860315535401	8.27575270460392	-17.45745334795027	LUSC
TCGA-85-8352-01	37.79983331953035	46.64022186602335	-32.946189823851974	LUSC
TCGA-85-8353-01	18.775813733630226	41.794261921585786	16.116311994232678	LUSC
TCGA-85-8355-01	24.858573358653175	-10.864800685940281	33.34070571639222	LUSC
TCGA-85-8479-01	3.9629865201048204	89.50371189710476	0.3894746451603213	LUSC
TCGA-85-8580-01	12.813929191082842	12.808723578231069	41.994118833044986	LUSC
TCGA-85-8664-01	62.08800568181609	32.175293393238654	-18.09909869409284	LUSC
TCGA-85-8666-01	37.385781022024204	22.343304052737057	17.565771406623107	LUSC
TCGA-85-A4CL-01	57.794940944784315	10.937223379633725	22.74662904158566	LUSC
TCGA-85-A4CN-01	33.86812704253376	25.96669005175874	32.91526507031293	LUSC
TCGA-85-A4JB-01	48.174898091288156	-14.689545390540536	17.657404312984788	LUSC
TCGA-85-A4JC-01	33.360188733045604	-41.154663084352485	37.54732594578041	LUSC
TCGA-85-A4PA-01	-6.405225827936626	-42.08654599288113	66.66822022693259	LUSC
TCGA-85-A4QQ-01	37.53227207143967	26.709254682449444	-5.383367585693523	LUSC
TCGA-85-A4QR-01	88.52028478353259	14.448863365890643	-32.116265426238904	LUSC
TCGA-85-A50Z-01	28.840295601709364	-22.41670696513342	12.029315935040009	LUSC
TCGA-85-A510-01	4.671740704402398	-58.66653510655567	-2.700982343532865	LUSC
TCGA-85-A511-01	42.77896625012131	-11.654079466468165	24.439186948851486	LUSC
TCGA-85-A512-01	49.29933786954748	78.13337709184796	-4.060662978162238	LUSC
TCGA-85-A513-01	-56.07272525191355	-2.1569941922354072	42.05199139372765	LUSC
TCGA-85-A53L-01	36.81232174497419	11.388567243412353	15.396863503491197	LUSC
TCGA-85-A5B5-01	82.91239900173188	68.71596806839169	-10.885477704602275	LUSC
TCGA-90-6837-01	-5.857075186208019	-64.63654103459064	35.463348841204926	LUSC
TCGA-90-7766-01	43.176493998445345	-25.198649935995032	13.101001751807633	LUSC
TCGA-90-7767-01	46.05148013255279	26.863617608783038	17.89932120379699	LUSC
TCGA-90-7769-01	72.47330063210137	70.38102013816591	-10.50993973557905	LUSC
TCGA-90-A4ED-01	53.2609792299201	-45.44850300924846	5.202543841855745	LUSC
TCGA-90-A4EE-01	22.935132297906733	25.668482115381106	16.98684955431838	LUSC
TCGA-90-A59Q-01	-15.834345428424598	-18.805944280363967	41.87775065805108	LUSC
TCGA-92-7340-01	-15.506671877826394	56.15632430912971	28.39694425562179	LUSC
TCGA-94-7033-01	46.475967067982225	-35.11330186700846	-1.7267574314745684	LUSC
TCGA-94-7557-01	54.74717750905703	-53.82766251992975	-5.042709410256744	LUSC
TCGA-94-7943-01	42.377771193577914	-7.139644508663069	-6.870195261448424	LUSC
TCGA-94-8035-01	55.97790655952644	-28.18424342112594	6.822737659886733	LUSC
TCGA-94-8490-01	75.7335766441743	87.65048368665055	-8.28378444387014	LUSC
TCGA-94-8491-01	-0.4439341640469055	67.0436834341781	0.9258532404391278	LUSC
TCGA-94-A4VJ-01	33.14267579563384	31.61682914949799	5.5348274037081024	LUSC
TCGA-94-A5I4-01	58.153436465853396	47.90695118177982	10.725097183843138	LUSC
TCGA-94-A5I6-01	43.792375525964204	15.237485822309068	29.041621242518453	LUSC
TCGA-96-7544-01	41.259731325682225	28.611453479693072	-9.542184182223517	LUSC
TCGA-96-A4JL-01	-42.55373503162378	68.44462701605103	38.115350490525934	LUSC
TCGA-98-7454-01	-28.25420503075754	-5.290697662719362	45.21682663097604	LUSC
TCGA-98-A538-01	66.26694210762602	-30.637750236140302	-11.232203785179793	LUSC
TCGA-98-A539-01	48.98301271946951	-18.42067851102119	18.81576814702058	LUSC
TCGA-98-A53A-01	71.85174155527176	19.059305240866273	-0.13602139052734252	LUSC
TCGA-98-A53B-01	54.20890534378063	-33.38821822492446	4.679753079542222	LUSC
TCGA-98-A53C-01	-30.01356328865064	-32.256549623392914	59.64060593896553	LUSC
TCGA-98-A53H-01	-18.714062318826702	-33.62127989959528	63.83650067043914	LUSC
TCGA-98-A53J-01	38.167626027096006	36.268290561877826	28.681127432392017	LUSC
TCGA-L3-A4E7-01	16.072205130750024	-12.959549932733047	22.583889365470586	LUSC
TCGA-L3-A524-01	41.1719517455315	70.5102442234098	16.64437131087107	LUSC
TCGA-LA-A446-01	61.45424142066051	12.428387716583137	4.28821190012896	LUSC
TCGA-LA-A7SW-01	46.785500230251856	-20.746648051801188	14.383746736499146	LUSC
TCGA-MF-A522-01	59.579317696831836	67.13148179480407	-5.498726538403396	LUSC
TCGA-NC-A5HD-01	52.2551631065781	30.30348786031525	5.967455373132233	LUSC
TCGA-NC-A5HE-01	5.671738039928051	36.17127499304968	31.67183482217291	LUSC
TCGA-NC-A5HF-01	85.44026519449338	-12.612649014751922	-14.19373450330991	LUSC
TCGA-NC-A5HI-01	42.54227660809295	-16.498043350286046	14.142072365591037	LUSC
TCGA-NC-A5HJ-01	6.218069494753542	-46.260345139454785	21.89722023813985	LUSC
TCGA-NC-A5HK-01	-8.312811089150129	38.267622916852424	27.275205362335214	LUSC
TCGA-NC-A5HL-01	34.69683767034861	46.17501975596851	18.545541307601102	LUSC
TCGA-NC-A5HM-01	56.44358838054623	8.498560871700082	-17.072029871341883	LUSC
TCGA-NC-A5HN-01	80.67512981395754	26.11142267118739	-64.37410133907129	LUSC
TCGA-NC-A5HO-01	36.81918758835437	28.02841313444071	39.90507527648086	LUSC
TCGA-NC-A5HP-01	70.06512404779428	26.225551237441234	10.077269975361281	LUSC
TCGA-NC-A5HQ-01	45.15703722213071	46.47812161233282	-12.396107026524303	LUSC
TCGA-NC-A5HR-01	18.09276160450357	51.42389297761182	30.94177942092746	LUSC
TCGA-NC-A5HT-01	54.420411133046876	15.551687041214418	-43.10685037399668	LUSC
TCGA-NK-A5CR-01	93.09416182624358	6.490033583963395	-27.578398912189524	LUSC
TCGA-NK-A5CT-01	24.060351628079793	-0.24567744186103171	-2.9484042009497444	LUSC
TCGA-NK-A7XE-01	29.714731887263284	2.6944352529127213	23.45002500767357	LUSC
TCGA-O2-A52N-01	34.30159177068709	27.590561619187554	27.941250735840292	LUSC
TCGA-O2-A52Q-01	-32.70173818802956	26.566070728434283	5.708257675439235	LUSC
TCGA-O2-A52V-01	16.291822568874792	7.123571939538214	39.581706558066514	LUSC
TCGA-O2-A5IB-01	-4.598704952991978	41.35481578275878	18.73378735984968	LUSC
