layer	model	feature	selected_in_folds	mean_abs_coefficient	mean_coefficient
DNA methylation	Elastic Net	HOXA3.19	5	0.1741513819337834	0.1741513819337834
DNA methylation	Elastic Net	INPP1.9	5	0.15773669258959683	-0.15773669258959683
DNA methylation	Elastic Net	SLC22A20.9	5	0.1557139310926832	-0.1557139310926832
DNA methylation	Elastic Net	GOLPH3.5	5	0.14691781700256742	0.14691781700256742
DNA methylation	Elastic Net	PREX1.11	5	0.14095076722864824	-0.14095076722864824
DNA methylation	Elastic Net	ARV1	5	0.14074391271842301	0.14074391271842301
DNA methylation	Elastic Net	HOXA3.69	5	0.11047000196535095	0.11047000196535095
DNA methylation	Elastic Net	PTHLH.15	5	0.11024523264425579	-0.11024523264425579
DNA methylation	Elastic Net	feature_101660	5	0.10713275868814798	0.10713275868814798
DNA methylation	Elastic Net	HOXA3.55	5	0.09635372397983848	0.09635372397983848
DNA methylation	Elastic Net	SH3PXD2A.26	5	0.08457110954991039	-0.08457110954991039
DNA methylation	Elastic Net	DSC3.9	5	0.08377175823834247	-0.08377175823834247
DNA methylation	Elastic Net	TP73.88	5	0.07177528390735545	-0.07177528390735545
DNA methylation	Elastic Net	SPRR2D.3	5	0.06801154643144507	0.06801154643144507
DNA methylation	Elastic Net	feature_32280	5	0.06717857850401994	-0.06717857850401994
DNA methylation	Elastic Net	TP73.68	5	0.06507583069174329	-0.06507583069174329
DNA methylation	Elastic Net	ITPRIP.20	5	0.0512449513970718	-0.0512449513970718
DNA methylation	Elastic Net	SOX7.14	4	0.3459458179681495	-0.3459458179681495
DNA methylation	Elastic Net	SYT10.4	4	0.16361999589356077	-0.16361999589356077
DNA methylation	Elastic Net	feature_192674	4	0.09530243291039055	0.09530243291039055
DNA methylation	Elastic Net	PLEKHA6.5	4	0.09380345869807462	-0.09380345869807462
DNA methylation	Elastic Net	feature_59315	4	0.07363253671599039	0.07363253671599039
DNA methylation	Elastic Net	DIRC3.41	4	0.07123671826591355	-0.07123671826591355
DNA methylation	Elastic Net	SFRS1.6	4	0.06767517025530487	-0.06767517025530487
DNA methylation	Elastic Net	ZMIZ1.40	4	0.053332491680385466	-0.053332491680385466
DNA methylation	Elastic Net	feature_4000	4	0.05330963715850502	-0.05330963715850502
DNA methylation	Elastic Net	SNX10.1	4	0.04693782975932513	0.04693782975932513
DNA methylation	Elastic Net	MIR205HG;MIR205.4	4	0.046149487382038445	-0.046149487382038445
DNA methylation	Elastic Net	CAMK2B.12	4	0.03392750453603922	0.03392750453603922
DNA methylation	Elastic Net	ACTN2.14	4	0.03377616082109248	-0.03377616082109248
DNA methylation	Elastic Net	ZIC1.41	3	0.21080141052142712	-0.21080141052142712
DNA methylation	Elastic Net	feature_353941	3	0.15579109574335087	0.15579109574335087
DNA methylation	Elastic Net	C20orf134;NECAB3.3	3	0.14679562364834847	-0.14679562364834847
DNA methylation	Elastic Net	GAL3ST2.12	3	0.14440087279730673	-0.14440087279730673
DNA methylation	Elastic Net	SLC17A7.21	3	0.14052945527438043	0.14052945527438043
DNA methylation	Elastic Net	feature_396051	3	0.1382706902535034	-0.1382706902535034
DNA methylation	Elastic Net	CALML3.8	3	0.1317882799553825	-0.1317882799553825
DNA methylation	Elastic Net	feature_155308	3	0.1265986247297601	0.1265986247297601
DNA methylation	Elastic Net	ZHX1.8	3	0.10871614393016917	-0.10871614393016917
DNA methylation	Elastic Net	B4GALNT1	3	0.10354522119892973	0.10354522119892973
DNA methylation	Elastic Net	ZNF750;TBCD.17	3	0.09899903680647734	-0.09899903680647734
DNA methylation	Elastic Net	FOXK2.63	3	0.09697967627123452	0.09697967627123452
DNA methylation	Elastic Net	PKP1	3	0.09457437890397691	-0.09457437890397691
DNA methylation	Elastic Net	ACBD4	3	0.09409482197578051	-0.09409482197578051
DNA methylation	Elastic Net	NDRG1.17	3	0.0933437446160643	-0.0933437446160643
DNA methylation	Elastic Net	RGS22.13	3	0.09210023068737165	0.09210023068737165
DNA methylation	Elastic Net	SUB1.3	3	0.08931717117667545	0.08931717117667545
DNA methylation	Elastic Net	ANK1.75	3	0.0889887961883959	-0.0889887961883959
DNA methylation	Elastic Net	TRPC5.1	3	0.08766910890166692	0.08766910890166692
DNA methylation	Elastic Net	DNM3.5	3	0.07901939449661562	-0.07901939449661562
DNA methylation	Elastic Net	feature_77790	3	0.07615939419890158	0.07615939419890158
DNA methylation	Elastic Net	feature_288710	3	0.0709987463293345	-0.0709987463293345
DNA methylation	Elastic Net	TFAP2A.51	3	0.06860083083882099	-0.06860083083882099
DNA methylation	Elastic Net	LIMCH1.37	3	0.06185961329767194	-0.06185961329767194
DNA methylation	Elastic Net	CMBL	3	0.052017153945331726	0.052017153945331726
DNA methylation	Elastic Net	GALNT2.41	3	0.05193590113762707	0.05193590113762707
DNA methylation	Elastic Net	VWC2.14	3	0.0507497049701397	-0.0507497049701397
DNA methylation	Elastic Net	EPGN.1	3	0.050039562440306565	-0.050039562440306565
DNA methylation	Elastic Net	KCNH4.11	3	0.04757340590527841	-0.04757340590527841
DNA methylation	Elastic Net	feature_109095	3	0.04471361131626397	0.04471361131626397
DNA methylation	Elastic Net	MAST4.50	3	0.03681384387105025	-0.03681384387105025
DNA methylation	Elastic Net	SYT5.15	3	0.0361389441699132	-0.0361389441699132
DNA methylation	Elastic Net	feature_54795	3	0.031814213060504845	-0.031814213060504845
DNA methylation	Elastic Net	KIAA1804	3	0.021919258564733347	0.021919258564733347
DNA methylation	Elastic Net	ARSD.19	3	0.010492836831841223	-0.010492836831841223
DNA methylation	Elastic Net	RIPK4.4	2	0.20122647079200495	-0.20122647079200495
DNA methylation	Elastic Net	feature_343266	2	0.1982174252662448	-0.1982174252662448
DNA methylation	Elastic Net	feature_396065	2	0.165008306354894	0.165008306354894
DNA methylation	Elastic Net	LOC93432	2	0.15305495625990737	-0.15305495625990737
DNA methylation	Elastic Net	IGF2BP1.11	2	0.15250663436328704	-0.15250663436328704
DNA methylation	Elastic Net	feature_187562	2	0.13809524303031073	0.13809524303031073
DNA methylation	Elastic Net	feature_254132	2	0.12544304465885822	0.12544304465885822
DNA methylation	Elastic Net	GSTTP1.1	2	0.12203175816271983	-0.12203175816271983
DNA methylation	Elastic Net	MYO10.54	2	0.11968429598655353	0.11968429598655353
DNA methylation	Elastic Net	LIPH	2	0.11401756200053789	0.11401756200053789
DNA methylation	Elastic Net	LRWD1.4	2	0.10792105364255364	-0.10792105364255364
DNA methylation	Elastic Net	feature_35084	2	0.10566989611215855	0.10566989611215855
DNA methylation	Elastic Net	DLX4.23	2	0.10507534859161707	0.10507534859161707
DNA methylation	Elastic Net	PREX1.3	2	0.1046641040306294	-0.1046641040306294
DNA methylation	Elastic Net	feature_126223	2	0.10268325673713745	0.10268325673713745
DNA methylation	Elastic Net	SOX2OT.64	2	0.0994606315783457	0.0994606315783457
DNA methylation	Elastic Net	SLC17A7.25	2	0.09724566959641781	0.09724566959641781
DNA methylation	Elastic Net	LOC100130331.1	2	0.0964867791183314	0.0964867791183314
DNA methylation	Elastic Net	TPM3;NUP210L	2	0.09487153581225977	0.09487153581225977
DNA methylation	Elastic Net	CD200	2	0.08804177367042038	-0.08804177367042038
DNA methylation	Elastic Net	CCND2.27	2	0.08717425673306528	-0.08717425673306528
DNA methylation	Elastic Net	RAMP1.9	2	0.08407140470068229	0.08407140470068229
DNA methylation	Elastic Net	ADARB2.113	2	0.08055204869262662	0.08055204869262662
DNA methylation	Elastic Net	CLIC6.5	2	0.07687356097038972	0.07687356097038972
DNA methylation	Elastic Net	PREX1.7	2	0.07658756969652983	-0.07658756969652983
DNA methylation	Elastic Net	PLIN1.5	2	0.07340239014072572	0.07340239014072572
DNA methylation	Elastic Net	MIR205HG.2	2	0.0727595445156419	-0.0727595445156419
DNA methylation	Elastic Net	feature_227751	2	0.07005314713973737	0.07005314713973737
DNA methylation	Elastic Net	feature_29331	2	0.06999992675033545	-0.06999992675033545
DNA methylation	Elastic Net	C10orf108;DIP2C	2	0.06362607495796606	0.06362607495796606
DNA methylation	Elastic Net	ZIC1.33	2	0.06345662257263138	-0.06345662257263138
DNA methylation	Elastic Net	ITPRIP.13	2	0.06271414527659973	-0.06271414527659973
DNA methylation	Elastic Net	feature_272730	2	0.06121967304013365	0.06121967304013365
DNA methylation	Elastic Net	HOXA1.10	2	0.06033201440491899	-0.06033201440491899
DNA methylation	Elastic Net	feature_120035	2	0.059905784658738984	-0.059905784658738984
DNA methylation	Elastic Net	SNRNP27.14	2	0.05881599549199133	0.05881599549199133
DNA methylation	Elastic Net	FOXK1.120	2	0.058741387040313744	0.058741387040313744
DNA methylation	Elastic Net	CAMK2B.7	2	0.056911136372938556	0.056911136372938556
DNA methylation	Elastic Net	MN1.15	2	0.05667679063807604	0.05667679063807604
DNA methylation	Elastic Net	feature_288019	2	0.053882848974331474	0.053882848974331474
DNA methylation	Elastic Net	GSG1L.22	2	0.053700963905670085	-0.053700963905670085
DNA methylation	Elastic Net	ANK1.14	2	0.053618059537600134	-0.053618059537600134
DNA methylation	Elastic Net	feature_373836	2	0.0526298801091507	0.0526298801091507
DNA methylation	Elastic Net	feature_308483	2	0.05210507411349569	-0.05210507411349569
DNA methylation	Elastic Net	feature_169232	2	0.05071584468018289	-0.05071584468018289
DNA methylation	Elastic Net	KCNK7.1	2	0.05045240230898992	-0.05045240230898992
DNA methylation	Elastic Net	MET	2	0.05030572432324162	0.05030572432324162
DNA methylation	Elastic Net	ACTN2.28	2	0.04951972854647326	-0.04951972854647326
DNA methylation	Elastic Net	PAK1.6	2	0.046450635100214195	-0.046450635100214195
DNA methylation	Elastic Net	TERT.11	2	0.04419015512218341	-0.04419015512218341
DNA methylation	Elastic Net	DSC3.13	2	0.041371562362547604	-0.041371562362547604
DNA methylation	Elastic Net	ZIC2	2	0.04074281720446793	-0.04074281720446793
DNA methylation	Elastic Net	JRK.4	2	0.03784294454843484	-0.03784294454843484
DNA methylation	Elastic Net	CCDC18	2	0.03686454238236213	0.03686454238236213
DNA methylation	Elastic Net	SERPIND1;PI4KA.1	2	0.03478081846865765	0.03478081846865765
DNA methylation	Elastic Net	SARM1.12	2	0.034460209202259506	-0.034460209202259506
DNA methylation	Elastic Net	feature_198069	2	0.03422347292375428	0.03422347292375428
DNA methylation	Elastic Net	feature_167573	2	0.03370763080327433	-0.03370763080327433
DNA methylation	Elastic Net	JDP2.1	2	0.03228437168091566	0.03228437168091566
DNA methylation	Elastic Net	MICALL2.5	2	0.03089517395158102	-0.03089517395158102
DNA methylation	Elastic Net	ZDHHC1.9	2	0.030511573836119743	0.030511573836119743
DNA methylation	Elastic Net	C14orf23.20	2	0.030510775685427576	-0.030510775685427576
DNA methylation	Elastic Net	PPP1R13L.6	2	0.02991142990540182	-0.02991142990540182
DNA methylation	Elastic Net	RGPD8;RGPD5.4	2	0.028736514321265776	-0.028736514321265776
DNA methylation	Elastic Net	CUGBP2.39	2	0.02854564703555361	-0.02854564703555361
DNA methylation	Elastic Net	MGMT.94	2	0.027096977862092586	-0.027096977862092586
DNA methylation	Elastic Net	feature_166811	2	0.026325114909427128	0.026325114909427128
DNA methylation	Elastic Net	SFRP2.32	2	0.022852512730944	-0.022852512730944
DNA methylation	Elastic Net	feature_396013	2	0.021467240198597123	0.021467240198597123
DNA methylation	Elastic Net	HOOK2.10	2	0.01936887061691768	0.01936887061691768
DNA methylation	Elastic Net	GLI3.64	2	0.01884642344572151	-0.01884642344572151
DNA methylation	Elastic Net	LAMA1.12	2	0.015737983910975802	0.015737983910975802
DNA methylation	Elastic Net	MAP3K15.10	2	0.014091034144503106	-0.014091034144503106
DNA methylation	Elastic Net	feature_182338	2	0.012750725353369532	0.012750725353369532
DNA methylation	Elastic Net	PKHD1.10	2	0.012646975934513107	-0.012646975934513107
DNA methylation	Elastic Net	ACTN2.12	2	0.011344615053825167	-0.011344615053825167
DNA methylation	Elastic Net	CPLX2.31	2	0.004930211546006382	-0.004930211546006382
DNA methylation	Elastic Net	feature_133349	2	0.004533014489501891	-0.004533014489501891
DNA methylation	Elastic Net	HOXA3.2	1	0.2552151427670674	0.2552151427670674
DNA methylation	Elastic Net	C9orf50.3	1	0.2477583995139808	-0.2477583995139808
DNA methylation	Elastic Net	feature_30523	1	0.18692605625595257	0.18692605625595257
DNA methylation	Elastic Net	SPEG.32	1	0.13621386132055768	0.13621386132055768
DNA methylation	Elastic Net	DLX6AS.13	1	0.12907530581973387	0.12907530581973387
DNA methylation	Elastic Net	SH3PXD2A.64	1	0.12571399457708093	0.12571399457708093
DNA methylation	Elastic Net	feature_138624	1	0.12468787677661572	-0.12468787677661572
DNA methylation	Elastic Net	feature_286210	1	0.12211572903831842	-0.12211572903831842
DNA methylation	Elastic Net	CNKSR2.12	1	0.12210563882753438	-0.12210563882753438
DNA methylation	Elastic Net	EDEM1.9	1	0.1156432036207242	-0.1156432036207242
DNA methylation	Elastic Net	CHST1.17	1	0.11116012639046907	0.11116012639046907
DNA methylation	Elastic Net	SEMA6C.2	1	0.10790987687767861	0.10790987687767861
DNA methylation	Elastic Net	feature_111784	1	0.10136573110843841	0.10136573110843841
DNA methylation	Elastic Net	feature_396042	1	0.10066067270249415	-0.10066067270249415
DNA methylation	Elastic Net	ADARB2.12	1	0.10060582208156889	0.10060582208156889
DNA methylation	Elastic Net	feature_90600	1	0.0980582368224428	0.0980582368224428
DNA methylation	Elastic Net	DOK4.1	1	0.09574625782326177	0.09574625782326177
DNA methylation	Elastic Net	LPP.24	1	0.09558508347060708	0.09558508347060708
DNA methylation	Elastic Net	feature_217724	1	0.09091686286725341	0.09091686286725341
DNA methylation	Elastic Net	LOC100130331	1	0.08971498432765335	0.08971498432765335
DNA methylation	Elastic Net	FAM168A.13	1	0.08783403222117156	-0.08783403222117156
DNA methylation	Elastic Net	EBF3.143	1	0.08776443837358597	-0.08776443837358597
DNA methylation	Elastic Net	ABCC1.25	1	0.08248274122906896	-0.08248274122906896
DNA methylation	Elastic Net	FOXK2.60	1	0.08101867810236807	0.08101867810236807
DNA methylation	Elastic Net	feature_211190	1	0.08099000016023003	0.08099000016023003
DNA methylation	Elastic Net	feature_396050	1	0.0801997866971984	-0.0801997866971984
DNA methylation	Elastic Net	SIGIRR.8	1	0.07838214659028642	-0.07838214659028642
DNA methylation	Elastic Net	DSC3	1	0.07770446460987862	-0.07770446460987862
DNA methylation	Elastic Net	KCNK13.8	1	0.07715989119648378	-0.07715989119648378
DNA methylation	Elastic Net	feature_202443	1	0.07605262164527885	0.07605262164527885
DNA methylation	Elastic Net	B4GALNT1.20	1	0.0748281740179832	0.0748281740179832
DNA methylation	Elastic Net	ITGA4.15	1	0.07355464493320639	-0.07355464493320639
DNA methylation	Elastic Net	RIMS2.23	1	0.07348085951503723	-0.07348085951503723
DNA methylation	Elastic Net	PPYR1	1	0.07214290158826811	-0.07214290158826811
DNA methylation	Elastic Net	KCNA6.18	1	0.07031870309242756	-0.07031870309242756
DNA methylation	Elastic Net	feature_392022	1	0.0701124918283097	-0.0701124918283097
DNA methylation	Elastic Net	LTB4R2;LTB4R;CIDEB.3	1	0.06965635219779324	-0.06965635219779324
DNA methylation	Elastic Net	TBKBP1.13	1	0.06876371988694795	0.06876371988694795
DNA methylation	Elastic Net	PFKP.13	1	0.0685207751426917	0.0685207751426917
DNA methylation	Elastic Net	SOX15.9	1	0.0675371278614992	-0.0675371278614992
DNA methylation	Elastic Net	UNC80.20	1	0.06605363159474403	-0.06605363159474403
DNA methylation	Elastic Net	MAD1L1.69	1	0.06575568933746542	-0.06575568933746542
DNA methylation	Elastic Net	feature_376915	1	0.06554477599878132	-0.06554477599878132
DNA methylation	Elastic Net	SIGIRR.5	1	0.06408339439502782	-0.06408339439502782
DNA methylation	Elastic Net	feature_62092	1	0.06215357784751496	-0.06215357784751496
DNA methylation	Elastic Net	PDGFA.26	1	0.06137354819227655	0.06137354819227655
DNA methylation	Elastic Net	KLHL35.5	1	0.06084796541954718	0.06084796541954718
DNA methylation	Elastic Net	feature_173542	1	0.059981322076582	0.059981322076582
DNA methylation	Elastic Net	FAM132A.1	1	0.05984834986779765	-0.05984834986779765
DNA methylation	Elastic Net	TRIP13.10	1	0.059846115596242366	-0.059846115596242366
DNA methylation	Elastic Net	SUB1.5	1	0.059627396525650106	0.059627396525650106
DNA methylation	Elastic Net	SLC22A20.7	1	0.05867342896213383	-0.05867342896213383
DNA methylation	Elastic Net	WNT3A.14	1	0.05819517176848234	0.05819517176848234
DNA methylation	Elastic Net	SMURF1.23	1	0.05716437854292657	0.05716437854292657
DNA methylation	Elastic Net	MIR205HG;MIR205.1	1	0.056921479983548594	-0.056921479983548594
DNA methylation	Elastic Net	EGFLAM.1	1	0.056868169190475056	-0.056868169190475056
DNA methylation	Elastic Net	B4GALNT1.28	1	0.055631691095457146	0.055631691095457146
DNA methylation	Elastic Net	SDHA.2	1	0.05333728877929136	-0.05333728877929136
DNA methylation	Elastic Net	ITGA4.5	1	0.05273883317876385	-0.05273883317876385
DNA methylation	Elastic Net	feature_67285	1	0.0525333905529228	-0.0525333905529228
DNA methylation	Elastic Net	feature_87827	1	0.052514357597209016	0.052514357597209016
DNA methylation	Elastic Net	SLC44A4.27	1	0.052053025910596386	-0.052053025910596386
DNA methylation	Elastic Net	NPC2.1	1	0.05082427325345407	0.05082427325345407
DNA methylation	Elastic Net	FARP1.61	1	0.049117652910939925	0.049117652910939925
DNA methylation	Elastic Net	CPAMD8.14	1	0.04903803142467381	-0.04903803142467381
DNA methylation	Elastic Net	MEIS1.23	1	0.04901160587513908	-0.04901160587513908
DNA methylation	Elastic Net	MTA1.6	1	0.04834197994678045	0.04834197994678045
DNA methylation	Elastic Net	feature_97852	1	0.04798758251707433	0.04798758251707433
DNA methylation	Elastic Net	feature_313628	1	0.04763093126903608	0.04763093126903608
DNA methylation	Elastic Net	feature_46952	1	0.04699325442187158	-0.04699325442187158
DNA methylation	Elastic Net	SPP1.3	1	0.04524716856742516	-0.04524716856742516
DNA methylation	Elastic Net	HNF1A	1	0.04494290056793026	0.04494290056793026
DNA methylation	Elastic Net	ST6GALNAC1.5	1	0.04378939855171973	0.04378939855171973
DNA methylation	Elastic Net	KIAA1024.1	1	0.0428349572945468	-0.0428349572945468
DNA methylation	Elastic Net	TRIP13	1	0.04212349878535189	-0.04212349878535189
DNA methylation	Elastic Net	feature_311905	1	0.04161801990214698	0.04161801990214698
DNA methylation	Elastic Net	ZNF282.9	1	0.04143196639893537	0.04143196639893537
DNA methylation	Elastic Net	TMEM184A.14	1	0.04129025529239637	0.04129025529239637
DNA methylation	Elastic Net	HOXB13.9	1	0.04092996798200308	0.04092996798200308
DNA methylation	Elastic Net	MEIS1.42	1	0.04088097771655513	-0.04088097771655513
DNA methylation	Elastic Net	ST6GALNAC4.7	1	0.03966394748843879	0.03966394748843879
DNA methylation	Elastic Net	PLEKHA6.30	1	0.03938619351331922	-0.03938619351331922
DNA methylation	Elastic Net	feature_267118	1	0.038858242517055726	0.038858242517055726
DNA methylation	Elastic Net	feature_392789	1	0.038717624452378585	0.038717624452378585
DNA methylation	Elastic Net	ADCY4.21	1	0.037945314868251916	-0.037945314868251916
DNA methylation	Elastic Net	C9orf3.33	1	0.03747054881178973	-0.03747054881178973
DNA methylation	Elastic Net	RPS4Y1.1	1	0.03688028730438312	-0.03688028730438312
DNA methylation	Elastic Net	SLC6A15.6	1	0.036716450628218635	0.036716450628218635
DNA methylation	Elastic Net	INSM2.14	1	0.03621750021936388	-0.03621750021936388
DNA methylation	Elastic Net	S100A14.1	1	0.0357388143277591	0.0357388143277591
DNA methylation	Elastic Net	DSC3.5	1	0.03570037916602725	-0.03570037916602725
DNA methylation	Elastic Net	CYTH2.3	1	0.035372069136252966	-0.035372069136252966
DNA methylation	Elastic Net	FOXN3.9	1	0.035025311055317594	0.035025311055317594
DNA methylation	Elastic Net	VWC2.16	1	0.034992402091207846	0.034992402091207846
DNA methylation	Elastic Net	feature_78036	1	0.03488557672604644	-0.03488557672604644
DNA methylation	Elastic Net	HNF1B.10	1	0.03402911343220724	0.03402911343220724
DNA methylation	Elastic Net	TFAP2A.42	1	0.03359671755111445	-0.03359671755111445
DNA methylation	Elastic Net	ANK1.68	1	0.03357901285132422	-0.03357901285132422
DNA methylation	Elastic Net	CYBA.4	1	0.03325502076922607	0.03325502076922607
DNA methylation	Elastic Net	feature_366262	1	0.03297186879087615	-0.03297186879087615
DNA methylation	Elastic Net	feature_281223	1	0.03224953469446826	-0.03224953469446826
DNA methylation	Elastic Net	CD44.25	1	0.03161065150281029	-0.03161065150281029
DNA methylation	Elastic Net	feature_284873	1	0.031225987156625855	0.031225987156625855
DNA methylation	Elastic Net	SLC17A7.5	1	0.030401272522150215	0.030401272522150215
DNA methylation	Elastic Net	TMED6.6	1	0.03029177740916052	0.03029177740916052
DNA methylation	Elastic Net	CALML3.5	1	0.030074970290735078	-0.030074970290735078
DNA methylation	Elastic Net	WNK4.21	1	0.02991462591464339	-0.02991462591464339
DNA methylation	Elastic Net	SOSTDC1.1	1	0.029789610853817105	-0.029789610853817105
DNA methylation	Elastic Net	feature_270230	1	0.028887274643503467	-0.028887274643503467
DNA methylation	Elastic Net	KIF2B.9	1	0.02788231474172297	0.02788231474172297
DNA methylation	Elastic Net	HOPX.20	1	0.02786148369050233	-0.02786148369050233
DNA methylation	Elastic Net	KIAA1033.14	1	0.027675170559279653	-0.027675170559279653
DNA methylation	Elastic Net	C2orf55.16	1	0.02760160377017456	-0.02760160377017456
DNA methylation	Elastic Net	SENP2.10	1	0.02731330107480896	0.02731330107480896
DNA methylation	Elastic Net	feature_140656	1	0.026931219037999866	-0.026931219037999866
DNA methylation	Elastic Net	LHX1.15	1	0.026474614362171155	-0.026474614362171155
DNA methylation	Elastic Net	GATA2.15	1	0.02501662530765779	0.02501662530765779
DNA methylation	Elastic Net	feature_129044	1	0.024882014828592522	-0.024882014828592522
DNA methylation	Elastic Net	RUNX1T1.8	1	0.0244291147398358	0.0244291147398358
DNA methylation	Elastic Net	feature_114203	1	0.02420531696720708	0.02420531696720708
DNA methylation	Elastic Net	ME3.25	1	0.02407751658274937	0.02407751658274937
DNA methylation	Elastic Net	GPR133.130	1	0.023690769513820372	-0.023690769513820372
DNA methylation	Elastic Net	PRKAR1B.114	1	0.023600397713840978	-0.023600397713840978
DNA methylation	Elastic Net	PCDHA2;PCDHA3;PCDHA1;PCDHA6;PCDHA7;PCDHA4;PCDHA5;PCDHA8;PCDHA9;PCDHA10;PCDHA11;PCDHA12;PCDHA13.8	1	0.02275966787377591	0.02275966787377591
DNA methylation	Elastic Net	PTGER4.21	1	0.02258702191939284	-0.02258702191939284
DNA methylation	Elastic Net	CYBA.10	1	0.02223314250247679	0.02223314250247679
DNA methylation	Elastic Net	PROM1.10	1	0.021647430694888198	0.021647430694888198
DNA methylation	Elastic Net	VWC2.12	1	0.021500383390189632	-0.021500383390189632
DNA methylation	Elastic Net	SLC30A10.11	1	0.021436819676996278	-0.021436819676996278
DNA methylation	Elastic Net	feature_86099	1	0.02117483031896406	0.02117483031896406
DNA methylation	Elastic Net	feature_396063	1	0.02088656075589203	-0.02088656075589203
DNA methylation	Elastic Net	ZFPM2.12	1	0.020615579878525143	-0.020615579878525143
DNA methylation	Elastic Net	FOXK1.53	1	0.020144772210486054	0.020144772210486054
DNA methylation	Elastic Net	CACHD1.27	1	0.019903424441737445	0.019903424441737445
DNA methylation	Elastic Net	FOXK1.153	1	0.019562708215288566	0.019562708215288566
DNA methylation	Elastic Net	TMED6.4	1	0.018974747780699977	0.018974747780699977
DNA methylation	Elastic Net	GJB2.5	1	0.018942131061569882	-0.018942131061569882
DNA methylation	Elastic Net	ZNF536.6	1	0.018704710799343275	-0.018704710799343275
DNA methylation	Elastic Net	ZNF542.5	1	0.018581039535929503	0.018581039535929503
DNA methylation	Elastic Net	feature_190791	1	0.0182911161422891	0.0182911161422891
DNA methylation	Elastic Net	OTX2OS1.12	1	0.018187465154582652	0.018187465154582652
DNA methylation	Elastic Net	feature_168726	1	0.017447843164664405	-0.017447843164664405
DNA methylation	Elastic Net	JAK3.14	1	0.017415609243253385	0.017415609243253385
DNA methylation	Elastic Net	EID3;TXNRD1.5	1	0.01704340911633805	0.01704340911633805
DNA methylation	Elastic Net	FAM19A2.25	1	0.016127148923958546	0.016127148923958546
DNA methylation	Elastic Net	feature_108854	1	0.01603736535100824	-0.01603736535100824
DNA methylation	Elastic Net	TXNRD2.7	1	0.014790273856993979	-0.014790273856993979
DNA methylation	Elastic Net	GFI1.68	1	0.014311730378194382	-0.014311730378194382
DNA methylation	Elastic Net	NADK.13	1	0.0142603932310275	0.0142603932310275
DNA methylation	Elastic Net	feature_228202	1	0.013806484491894318	0.013806484491894318
DNA methylation	Elastic Net	SNCA.5	1	0.013653705649750634	-0.013653705649750634
DNA methylation	Elastic Net	EBF1.13	1	0.013342711796529556	-0.013342711796529556
DNA methylation	Elastic Net	feature_89067	1	0.012785072501860976	-0.012785072501860976
DNA methylation	Elastic Net	GPT.7	1	0.012180760620872467	0.012180760620872467
DNA methylation	Elastic Net	CD200.3	1	0.010614371922470249	-0.010614371922470249
DNA methylation	Elastic Net	NADK.9	1	0.010600693162620387	0.010600693162620387
DNA methylation	Elastic Net	MICALL2.15	1	0.009616034198846019	-0.009616034198846019
DNA methylation	Elastic Net	ETNK1.1	1	0.009320755456322362	0.009320755456322362
DNA methylation	Elastic Net	ME3.6	1	0.009277505589568217	0.009277505589568217
DNA methylation	Elastic Net	feature_300688	1	0.008771376131684466	-0.008771376131684466
DNA methylation	Elastic Net	ANKRD13B.16	1	0.00866419374136433	0.00866419374136433
DNA methylation	Elastic Net	VWC2.18	1	0.008540469678197792	-0.008540469678197792
DNA methylation	Elastic Net	FXYD3.11	1	0.007841612075807046	-0.007841612075807046
DNA methylation	Elastic Net	feature_390353	1	0.0077960119838383956	-0.0077960119838383956
DNA methylation	Elastic Net	TNR.25	1	0.007756935550216652	0.007756935550216652
DNA methylation	Elastic Net	feature_237209	1	0.00773080061301534	0.00773080061301534
DNA methylation	Elastic Net	NPY.12	1	0.007609375819648994	-0.007609375819648994
DNA methylation	Elastic Net	feature_270539	1	0.0073300009454685166	0.0073300009454685166
DNA methylation	Elastic Net	PAPLN.8	1	0.00713020682804166	-0.00713020682804166
DNA methylation	Elastic Net	feature_202932	1	0.006584307353664528	-0.006584307353664528
DNA methylation	Elastic Net	feature_103071	1	0.006468397372142124	0.006468397372142124
DNA methylation	Elastic Net	feature_131267	1	0.006368207110277329	-0.006368207110277329
DNA methylation	Elastic Net	FOXK1.49	1	0.00630974512738237	0.00630974512738237
DNA methylation	Elastic Net	DEAF1.18	1	0.005881436785308266	0.005881436785308266
DNA methylation	Elastic Net	feature_390579	1	0.005810147831808601	-0.005810147831808601
DNA methylation	Elastic Net	feature_186665	1	0.005564369220548331	0.005564369220548331
DNA methylation	Elastic Net	SCG5.13	1	0.005398576143347948	0.005398576143347948
DNA methylation	Elastic Net	feature_353907	1	0.005334177915568525	0.005334177915568525
DNA methylation	Elastic Net	GFPT2.2	1	0.004961205413683472	0.004961205413683472
DNA methylation	Elastic Net	feature_247715	1	0.0047621956091692935	0.0047621956091692935
DNA methylation	Elastic Net	ADCY10.3	1	0.0042596926342830105	0.0042596926342830105
DNA methylation	Elastic Net	PLEKHM3.11	1	0.004126882798222668	0.004126882798222668
DNA methylation	Elastic Net	TANK.8	1	0.003969640380471478	-0.003969640380471478
DNA methylation	Elastic Net	ARHGAP25.19	1	0.003939778451139027	-0.003939778451139027
DNA methylation	Elastic Net	RRBP1.12	1	0.003697493251541744	0.003697493251541744
DNA methylation	Elastic Net	CYR61.15	1	0.0034321207995599307	0.0034321207995599307
DNA methylation	Elastic Net	PTHLH.6	1	0.003335555154151396	-0.003335555154151396
DNA methylation	Elastic Net	feature_128382	1	0.0031144269861903286	0.0031144269861903286
DNA methylation	Elastic Net	PLEKHM3.17	1	0.003005307359460928	0.003005307359460928
DNA methylation	Elastic Net	HOXD8.5	1	0.0029475654846122627	0.0029475654846122627
DNA methylation	Elastic Net	CD200.2	1	0.0027531822297171796	-0.0027531822297171796
DNA methylation	Elastic Net	BAI1.33	1	0.0026031766891594517	0.0026031766891594517
DNA methylation	Elastic Net	SOX2OT.39	1	0.0025585119819050138	0.0025585119819050138
DNA methylation	Elastic Net	feature_396020	1	0.0025459943094174467	-0.0025459943094174467
DNA methylation	Elastic Net	TRIP13.5	1	0.002217390883494792	-0.002217390883494792
DNA methylation	Elastic Net	BRSK2.36	1	0.0017793214354956375	0.0017793214354956375
DNA methylation	Elastic Net	UTRN.13	1	0.0014451412570659688	-0.0014451412570659688
DNA methylation	Elastic Net	ST8SIA6.8	1	0.0013937527412909373	-0.0013937527412909373
DNA methylation	Elastic Net	feature_155967	1	0.0013607788922021951	-0.0013607788922021951
DNA methylation	Elastic Net	feature_136264	1	0.0013118872815073746	0.0013118872815073746
DNA methylation	Elastic Net	feature_65804	1	0.0012935316823383715	-0.0012935316823383715
DNA methylation	Elastic Net	VILL.14	1	0.0012011342201011445	-0.0012011342201011445
DNA methylation	Elastic Net	feature_53722	1	0.0011325925589076437	-0.0011325925589076437
DNA methylation	Elastic Net	ZNF750;TBCD.27	1	0.0011282174576088867	-0.0011282174576088867
DNA methylation	Elastic Net	HOOK2.9	1	9.476992321349602e-4	9.476992321349602e-4
DNA methylation	Elastic Net	CAMK2B.36	1	8.529678595717888e-4	8.529678595717888e-4
DNA methylation	Elastic Net	ATP11A.233	1	8.24408483516115e-4	8.24408483516115e-4
DNA methylation	Elastic Net	MIR205HG;MIR205.5	1	7.50585178598645e-4	-7.50585178598645e-4
DNA methylation	Elastic Net	BCL11B.31	1	7.434225869272495e-4	-7.434225869272495e-4
DNA methylation	Elastic Net	feature_363162	1	6.108068334168461e-4	6.108068334168461e-4
DNA methylation	Elastic Net	HOPX.19	1	5.403573465689343e-4	-5.403573465689343e-4
RPPA	Elastic Net	AKT1 AKT2 AKT3|Akt_pT308	5	0.5870886550587655	0.5870886550587655
RPPA	Elastic Net	ERRFI1|MIG-6	5	0.5690611544454196	-0.5690611544454196
RPPA	Elastic Net	PIK3CA |PI3K-p110-alpha	5	0.5584635136828829	0.5584635136828829
RPPA	Elastic Net	RAB25|Rab25	5	0.5574398381799617	-0.5574398381799617
RPPA	Elastic Net	NOTCH1|Notch1	5	0.54610566929269	0.54610566929269
RPPA	Elastic Net	PRKCB|PKC-pan_BetaII_pS660	5	0.5089332799952385	-0.5089332799952385
RPPA	Elastic Net	GSK3A GSK3B|GSK3-alpha-beta	5	0.48563560276413525	0.48563560276413525
RPPA	Elastic Net	ERBB2|HER2	5	0.45828231249294266	-0.45828231249294266
RPPA	Elastic Net	PGR|PR	5	0.4505002430048633	0.4505002430048633
RPPA	Elastic Net	GAB2|GAB2	5	0.4239922496715323	-0.4239922496715323
RPPA	Elastic Net	MYH9|Myosin-IIa-pS1943	5	0.4122405892064776	0.4122405892064776
RPPA	Elastic Net	VHL|VHL	5	0.4077773643222435	0.4077773643222435
RPPA	Elastic Net	NRG1|Heregulin	5	0.3872829550484419	0.3872829550484419
RPPA	Elastic Net	NDRG1|NDRG1_pT346	5	0.36785957186534884	0.36785957186534884
RPPA	Elastic Net	MTOR|mTOR	5	0.3401978953817903	0.3401978953817903
RPPA	Elastic Net	PXN|Paxillin	5	0.31683005152528165	0.31683005152528165
RPPA	Elastic Net	CAV1|Caveolin-1	5	0.3033402480836963	0.3033402480836963
RPPA	Elastic Net	SMAD4|Smad4	5	0.29698793009292956	0.29698793009292956
RPPA	Elastic Net	MAPK8|JNK_pT183_Y185	5	0.28560850824181877	-0.28560850824181877
RPPA	Elastic Net	FN1|Fibronectin	5	0.2827527644075566	-0.2827527644075566
RPPA	Elastic Net	YWHAE|14-3-3_epsilon	5	0.2761209445644762	-0.2761209445644762
RPPA	Elastic Net	KIT|c-Kit	5	0.27307121239621157	-0.27307121239621157
RPPA	Elastic Net	ERBB3|HER3	5	0.2661898455634879	-0.2661898455634879
RPPA	Elastic Net	TUBA1B|Acetyl-a-Tubulin-Lys40	5	0.25607871037008223	-0.25607871037008223
RPPA	Elastic Net	FOXM1|FoxM1	5	0.2525369696028032	0.2525369696028032
RPPA	Elastic Net	BAK1|Bak	5	0.2456993676733668	0.2456993676733668
RPPA	Elastic Net	STK11|LKB1	5	0.24486916633471884	0.24486916633471884
RPPA	Elastic Net	ANXA1|Annexin-1	5	0.24481939254302423	0.24481939254302423
RPPA	Elastic Net	TFRC|TFRC	5	0.24098294845439505	0.24098294845439505
RPPA	Elastic Net	CASP7|Caspase-7_cleavedD198	5	0.23821119651329437	0.23821119651329437
RPPA	Elastic Net	PRKCA |PKC-alpha_pS657	5	0.2272427408049208	-0.2272427408049208
RPPA	Elastic Net	TIGAR|TIGAR	5	0.21965829277069354	-0.21965829277069354
RPPA	Elastic Net	CCNE2|Cyclin_E2	5	0.21014014083961008	-0.21014014083961008
RPPA	Elastic Net	MS4A1|CD20	5	0.1941968093365171	-0.1941968093365171
RPPA	Elastic Net	PRDX1|PRDX1	5	0.17610159092647157	0.17610159092647157
RPPA	Elastic Net	CLDN7|Claudin-7	5	0.16242840314645882	-0.16242840314645882
RPPA	Elastic Net	RPS6|S6_pS240_S244	5	0.15425156136320287	0.15425156136320287
RPPA	Elastic Net	PRKAA1|AMPK_alpha	5	0.09152952506153395	-0.09152952506153395
RPPA	Elastic Net	CDH3|P-Cadherin	5	0.09142633047676964	0.09142633047676964
RPPA	Elastic Net	BCL2|Bcl-2	5	0.08420276900221114	0.08420276900221114
RPPA	Elastic Net	EGFR|EGFR	4	0.28927466482823416	0.28927466482823416
RPPA	Elastic Net	MAP2K1|MEK1_pS217_S221	4	0.24316491183415892	-0.24316491183415892
RPPA	Elastic Net	NF2|NF2	4	0.213532433742775	0.213532433742775
RPPA	Elastic Net	BECN1|Beclin	4	0.16337094118400594	-0.16337094118400594
RPPA	Elastic Net	MAPK9|JNK2	4	0.15806692055157467	-0.15806692055157467
RPPA	Elastic Net	RPS6|S6_pS235_S236	4	0.15739188235522322	-0.15739188235522322
RPPA	Elastic Net	SRC|Src	4	0.14550812344569777	0.14550812344569777
RPPA	Elastic Net	AKT1 AKT2 AKT3|Akt_pS473	4	0.14437480154417057	0.14437480154417057
RPPA	Elastic Net	TSC2|Tuberin_pT1462	4	0.13868047276232243	-0.13868047276232243
RPPA	Elastic Net	INPP4B|INPP4B	4	0.13775286800373393	-0.13775286800373393
RPPA	Elastic Net	DVL3|Dvl3	4	0.12584922939775361	0.12584922939775361
RPPA	Elastic Net	PECAM1|CD31	4	0.11725506831823641	-0.11725506831823641
RPPA	Elastic Net	STAT3|STAT3_pY705	4	0.11465621388830978	-0.11465621388830978
RPPA	Elastic Net	YWHAZ|14-3-3_zeta	4	0.11317794632940299	0.11317794632940299
RPPA	Elastic Net	SQSTM1|p62-LCK-ligand	4	0.1034221459636218	0.1034221459636218
RPPA	Elastic Net	CHEK1|Chk1_pS345	4	0.10335295780127776	0.10335295780127776
RPPA	Elastic Net	RICTOR|Rictor	4	0.09989588246470736	0.09989588246470736
RPPA	Elastic Net	SERPINE1|PAI-1	4	0.08521997369571505	0.08521997369571505
RPPA	Elastic Net	ETS1|ETS-1	4	0.06394946492297712	-0.06394946492297712
RPPA	Elastic Net	BRAF|B-Raf	4	0.05743326837640262	-0.05743326837640262
RPPA	Elastic Net	SCD1|SCD1	3	0.2013889955908947	-0.2013889955908947
RPPA	Elastic Net	MAPK14|p38_MAPK	3	0.19445236355103374	-0.19445236355103374
RPPA	Elastic Net	SRC|Src_pY416	3	0.18447589723208493	-0.18447589723208493
RPPA	Elastic Net	TSC1|TSC1	3	0.15504375782483731	-0.15504375782483731
RPPA	Elastic Net	PDK1|PDK1	3	0.13832740449639602	-0.13832740449639602
RPPA	Elastic Net	STAT5A|STAT5-alpha	3	0.12581750482318038	0.12581750482318038
RPPA	Elastic Net	ACVRL1|ACVRL1	3	0.12298283551891658	-0.12298283551891658
RPPA	Elastic Net	TP53|p53	3	0.11392426726624606	0.11392426726624606
RPPA	Elastic Net	BCL2L1|Bcl-xL	3	0.1098172152903556	-0.1098172152903556
RPPA	Elastic Net	AR|AR	3	0.1072205164453241	-0.1072205164453241
RPPA	Elastic Net	DIABLO|Smac	3	0.10158210607738541	-0.10158210607738541
RPPA	Elastic Net	RPTOR|Raptor	3	0.10149431669581305	-0.10149431669581305
RPPA	Elastic Net	PDK1|PDK1_pS241	3	0.09345543338478753	-0.09345543338478753
RPPA	Elastic Net	RPS6KA1|p90RSK	3	0.091833784814115485	-0.091833784814115485
RPPA	Elastic Net	TGM2|Transglutaminase	3	0.08357943348782723	0.08357943348782723
RPPA	Elastic Net	RPS6|S6	3	0.07885068839876569	0.07885068839876569
RPPA	Elastic Net	FASN|FASN	3	0.0779587343278843	0.0779587343278843
RPPA	Elastic Net	RAF1|C-Raf	3	0.07777664397384539	-0.07777664397384539
RPPA	Elastic Net	EIF4EBP1|4E-BP1	3	0.07244474298915858	0.07244474298915858
RPPA	Elastic Net	PEA15|PEA15	3	0.06679710569711436	0.06679710569711436
RPPA	Elastic Net	SRC|Src_pY527	2	0.25117699634362745	0.25117699634362745
RPPA	Elastic Net	CDK1|CDK1	2	0.14702003685964557	0.14702003685964557
RPPA	Elastic Net	TSC2|Tuberin	2	0.14411077110708256	-0.14411077110708256
RPPA	Elastic Net	XBP1|XBP1	2	0.11325031213576889	-0.11325031213576889
RPPA	Elastic Net	RPS6KB1|p70S6K_pT389	2	0.10460224055164265	0.02692746378859788
RPPA	Elastic Net	YBX1|YB-1	2	0.09467527669476253	0.09467527669476253
RPPA	Elastic Net	ERBB2|HER2_pY1248	2	0.08998415376022581	-0.08998415376022581
RPPA	Elastic Net	G6PD|G6PD	2	0.0859772658606514	-0.0859772658606514
RPPA	Elastic Net	ATM|ATM	2	0.07600577558530333	0.07600577558530333
RPPA	Elastic Net	YBX1|YB-1_pS102	2	0.06574581864390612	-0.06574581864390612
RPPA	Elastic Net	BCL2L11|Bim	2	0.0654919839423846	0.0654919839423846
RPPA	Elastic Net	IRS1|IRS1	2	0.06038023532969538	-0.06038023532969538
RPPA	Elastic Net	CDKN1A|p21	2	0.059780501171506684	0.059780501171506684
RPPA	Elastic Net	HSPA1A|HSP70	2	0.05752299058775039	0.05752299058775039
RPPA	Elastic Net	PDCD4|PDCD4	2	0.05729376225638512	0.05729376225638512
RPPA	Elastic Net	CDH1|E-Cadherin	2	0.047901839601289575	0.047901839601289575
RPPA	Elastic Net	CCNB1|Cyclin_B1	2	0.04789320608053385	-0.04789320608053385
RPPA	Elastic Net	CCNE1|Cyclin_E1	2	0.04236101602328522	-0.04236101602328522
RPPA	Elastic Net	FOXO3|FOXO3a_pS318_S321	2	0.03727205390490519	-0.015314779537178731
RPPA	Elastic Net	BAX|Bax	2	0.026886650888727985	0.026886650888727985
RPPA	Elastic Net	PREX1|PREX1	2	0.008203486562427729	0.008203486562427729
RPPA	Elastic Net	PTEN|PTEN	1	0.3367707499266203	0.3367707499266203
RPPA	Elastic Net	SRSF1|SF2	1	0.22460908820430703	-0.22460908820430703
RPPA	Elastic Net	ACACA ACACB|ACC_pS79	1	0.1978699257265928	0.1978699257265928
RPPA	Elastic Net	PCNA|PCNA	1	0.16058243630049862	-0.16058243630049862
RPPA	Elastic Net	MAPK14|p38_pT180_Y182	1	0.12647061286088765	-0.12647061286088765
RPPA	Elastic Net	BAD|Bad_pS112	1	0.09820894278701883	0.09820894278701883
RPPA	Elastic Net	PIK3R1 PIK3R2|PI3K-p85	1	0.08629391756230702	0.08629391756230702
RPPA	Elastic Net	SMAD1|Smad1	1	0.08274702148894184	0.08274702148894184
RPPA	Elastic Net	ARAF|A-Raf_pS299	1	0.07779105874168245	0.07779105874168245
RPPA	Elastic Net	MSH6|MSH6	1	0.06694709699520396	-0.06694709699520396
RPPA	Elastic Net	MAP2K1|MEK1	1	0.0663364537168182	0.0663364537168182
RPPA	Elastic Net	RPS6KA1|p90RSK_pT359_S363	1	0.06134133448276346	-0.06134133448276346
RPPA	Elastic Net	EIF4EBP1|4E-BP1_pT37T46	1	0.059111406059072676	0.059111406059072676
RPPA	Elastic Net	PRKCA |PKC-alpha	1	0.05214527152475635	-0.05214527152475635
RPPA	Elastic Net	GAPDH|GAPDH	1	0.05016998254128056	-0.05016998254128056
RPPA	Elastic Net	TP53BP1|53BP1	1	0.05006318132133738	-0.05006318132133738
RPPA	Elastic Net	EIF4EBP1|4E-BP1_pS65	1	0.04529585790289242	0.04529585790289242
RPPA	Elastic Net	EEF2|eEF2	1	0.043579793827666906	0.043579793827666906
RPPA	Elastic Net	RB1|Rb_pS807_S811	1	0.04330242693001132	-0.04330242693001132
RPPA	Elastic Net	ITGA2|CD49b	1	0.04043490320984224	0.04043490320984224
RPPA	Elastic Net	KDR|VEGFR2	1	0.038038823737654694	0.038038823737654694
RPPA	Elastic Net	ACACA|ACC1	1	0.034509502465711786	-0.034509502465711786
RPPA	Elastic Net	GATA3|GATA3	1	0.034265510356409484	0.034265510356409484
RPPA	Elastic Net	MYC|c-Myc	1	0.030991408616177586	-0.030991408616177586
RPPA	Elastic Net	BIRC2 |cIAP	1	0.02630592105429209	-0.02630592105429209
RPPA	Elastic Net	CDH2|N-Cadherin	1	0.026066495971106197	0.026066495971106197
RPPA	Elastic Net	ASNS|ASNS	1	0.023002749419393075	0.023002749419393075
RPPA	Elastic Net	IGFBP2|IGFBP2	1	0.021201558117341115	0.021201558117341115
RPPA	Elastic Net	MTOR|mTOR_pS2448	1	0.02006634607146246	0.02006634607146246
RPPA	Elastic Net	RAF1|C-Raf_pS338	1	0.01776884079328217	-0.01776884079328217
RPPA	Elastic Net	XRCC5|Ku80	1	0.01627152449656877	0.01627152449656877
RPPA	Elastic Net	RAB11A RAB11B|Rab11	1	0.014474517100194137	0.014474517100194137
RPPA	Elastic Net	EIF4G1|eIF4G	1	0.013929267621465796	0.013929267621465796
RPPA	Elastic Net	STMN1|Stathmin	1	0.010423297015280062	-0.010423297015280062
RPPA	Elastic Net	ESR1|ER-alpha	1	0.009901288715494434	-0.009901288715494434
mRNA	Elastic Net	IRF6	5	0.3042714658554466	0.3042714658554466
mRNA	Elastic Net	ALPK3	5	0.21076872258260737	-0.21076872258260737
mRNA	Elastic Net	RBM47	5	0.1923120677743189	-0.1923120677743189
mRNA	Elastic Net	LIMK2	5	0.18462081328697116	0.18462081328697116
mRNA	Elastic Net	ANTXR2	5	0.1453860376764199	-0.1453860376764199
mRNA	Elastic Net	CD2AP	5	0.12486338783138949	-0.12486338783138949
mRNA	Elastic Net	MACC1	5	0.1179071288346589	-0.1179071288346589
mRNA	Elastic Net	PRC1	5	0.11042177671880772	0.11042177671880772
mRNA	Elastic Net	TFAP2A	5	0.0954141977210105	0.0954141977210105
mRNA	Elastic Net	ERBB3	5	0.09446059809670572	-0.09446059809670572
mRNA	Elastic Net	PVRL1	5	0.08869777422936198	0.08869777422936198
mRNA	Elastic Net	KCTD15	5	0.08645629621231594	0.08645629621231594
mRNA	Elastic Net	TPCN1	5	0.08626134763021037	-0.08626134763021037
mRNA	Elastic Net	SAE1	5	0.08619961190213526	0.08619961190213526
mRNA	Elastic Net	DGKA	5	0.08269290625213811	0.08269290625213811
mRNA	Elastic Net	TMEM63A	5	0.08106845506858351	-0.08106845506858351
mRNA	Elastic Net	GOLM1	5	0.07645688084252633	-0.07645688084252633
mRNA	Elastic Net	CSK	5	0.07290294556976991	0.07290294556976991
mRNA	Elastic Net	ST6GALNAC2	5	0.06940711718610483	0.06940711718610483
mRNA	Elastic Net	PTTG1IP	5	0.068956797763583	-0.068956797763583
mRNA	Elastic Net	MCC	5	0.06480278672632699	0.06480278672632699
mRNA	Elastic Net	PRPF19	5	0.0576129996790477	0.0576129996790477
mRNA	Elastic Net	FYTTD1	5	0.05346909275382372	0.05346909275382372
mRNA	Elastic Net	TJP3	5	0.052854666906594405	-0.052854666906594405
mRNA	Elastic Net	NRBP1	5	0.046606509143397146	0.046606509143397146
mRNA	Elastic Net	MIR205HG	5	0.042395313300838	0.042395313300838
mRNA	Elastic Net	QSOX1.1	5	0.040035835579466175	-0.040035835579466175
mRNA	Elastic Net	SIAH2	5	0.03854381344647205	0.03854381344647205
mRNA	Elastic Net	LMO7	5	0.03429062413516446	-0.03429062413516446
mRNA	Elastic Net	SUCLG2	5	0.031522748447277295	-0.031522748447277295
mRNA	Elastic Net	SLC9A3R2	5	0.027366743136130522	-0.027366743136130522
mRNA	Elastic Net	RANGAP1	5	0.027333477341073515	0.027333477341073515
mRNA	Elastic Net	FOSL2	4	0.1321878068263624	0.1321878068263624
mRNA	Elastic Net	ICA1	4	0.09517366120721928	-0.09517366120721928
mRNA	Elastic Net	ENPP4	4	0.08629641058874196	-0.08629641058874196
mRNA	Elastic Net	PLEKHA6	4	0.08481237840377831	-0.08481237840377831
mRNA	Elastic Net	C22orf9	4	0.07802949640044762	0.07802949640044762
mRNA	Elastic Net	CD46	4	0.07103414467428447	-0.07103414467428447
mRNA	Elastic Net	MT1X	4	0.07050425417109496	0.07050425417109496
mRNA	Elastic Net	ProSAPiP1	4	0.06318650021353443	-0.06318650021353443
mRNA	Elastic Net	HS6ST1	4	0.04979960715495788	0.04979960715495788
mRNA	Elastic Net	ATP2C1	4	0.04109141953715107	0.04109141953715107
mRNA	Elastic Net	KCTD1	4	0.040634273162322404	0.040634273162322404
mRNA	Elastic Net	WTAP	4	0.035130777024290905	0.035130777024290905
mRNA	Elastic Net	VANGL2	4	0.034187409599054926	0.034187409599054926
mRNA	Elastic Net	SERPINB5	4	0.03071192346657853	0.03071192346657853
mRNA	Elastic Net	TMC5	4	0.026556153816611233	-0.026556153816611233
mRNA	Elastic Net	SLC43A3	4	0.019896213930727658	-0.019896213930727658
mRNA	Elastic Net	CELSR2	4	0.015926530876048273	0.015926530876048273
mRNA	Elastic Net	MICALL1	4	0.01095833613620834	0.01095833613620834
mRNA	Elastic Net	CXCR4	3	0.13590615171965004	0.13590615171965004
mRNA	Elastic Net	IFFO2	3	0.11114177633632516	0.11114177633632516
mRNA	Elastic Net	USP7	3	0.10907291461935881	0.10907291461935881
mRNA	Elastic Net	TK1	3	0.10093191626568182	0.10093191626568182
mRNA	Elastic Net	SMOC2	3	0.09561624334887218	0.09561624334887218
mRNA	Elastic Net	LTF	3	0.09289662460807344	0.09289662460807344
mRNA	Elastic Net	TARDBP	3	0.09004070477535714	0.09004070477535714
mRNA	Elastic Net	ADAM6	3	0.08613628001013537	0.08613628001013537
mRNA	Elastic Net	NCOR2	3	0.08499856666207291	-0.08499856666207291
mRNA	Elastic Net	HEY1	3	0.07866983827631456	0.07866983827631456
mRNA	Elastic Net	ANAPC5	3	0.07528758276258399	0.07528758276258399
mRNA	Elastic Net	DDAH1	3	0.06823135788280625	-0.06823135788280625
mRNA	Elastic Net	FABP7	3	0.061686188668090274	-0.061686188668090274
mRNA	Elastic Net	RCN2	3	0.06156832146650852	0.06156832146650852
mRNA	Elastic Net	USP31	3	0.05148688778965905	0.05148688778965905
mRNA	Elastic Net	IVNS1ABP	3	0.05026231263117491	0.05026231263117491
mRNA	Elastic Net	TRIP13	3	0.049912768760723085	0.049912768760723085
mRNA	Elastic Net	TRIM29	3	0.04983890029535347	0.04983890029535347
mRNA	Elastic Net	GUSB	3	0.04819459550518175	-0.04819459550518175
mRNA	Elastic Net	BLCAP	3	0.04767147525733436	0.04767147525733436
mRNA	Elastic Net	TSPAN13	3	0.04676586630226281	-0.04676586630226281
mRNA	Elastic Net	C3orf37	3	0.041204383752492205	0.041204383752492205
mRNA	Elastic Net	IFNAR1	3	0.0407812553636838	-0.0407812553636838
mRNA	Elastic Net	OCIAD2	3	0.03963877048400139	-0.03963877048400139
mRNA	Elastic Net	POM121	3	0.03908268126846111	0.03908268126846111
mRNA	Elastic Net	TMEM189	3	0.03830050646629456	0.03830050646629456
mRNA	Elastic Net	C19orf47	3	0.03642841877037413	0.03642841877037413
mRNA	Elastic Net	FOXP1	3	0.03578775377539249	-0.03578775377539249
mRNA	Elastic Net	PRMT1	3	0.03429855764341777	0.03429855764341777
mRNA	Elastic Net	SH3BP1	3	0.03208322328554207	0.03208322328554207
mRNA	Elastic Net	TRA2B	3	0.03075844055120541	0.03075844055120541
mRNA	Elastic Net	PERP	3	0.030583203151149648	0.030583203151149648
mRNA	Elastic Net	FBXO45	3	0.03034526401051957	0.03034526401051957
mRNA	Elastic Net	ELF3	3	0.027900781564446826	-0.027900781564446826
mRNA	Elastic Net	BNC1	3	0.027587293841938393	0.027587293841938393
mRNA	Elastic Net	DSC3	3	0.024235618667605922	0.024235618667605922
mRNA	Elastic Net	PGAP1	3	0.020896520169689403	0.020896520169689403
mRNA	Elastic Net	RPA1	3	0.02082297173490894	0.02082297173490894
mRNA	Elastic Net	FADD	3	0.018073700244662934	0.018073700244662934
mRNA	Elastic Net	AKT2	3	0.006933006709053263	0.006933006709053263
mRNA	Elastic Net	FBL	3	0.006752990028654781	0.006752990028654781
mRNA	Elastic Net	MANSC1	2	0.13977553751499594	-0.13977553751499594
mRNA	Elastic Net	FADS2	2	0.12040979843564162	0.12040979843564162
mRNA	Elastic Net	GPR87	2	0.1067996140941837	0.1067996140941837
mRNA	Elastic Net	VSNL1	2	0.09435165875933264	0.09435165875933264
mRNA	Elastic Net	SLC3A2	2	0.09167611363433967	0.09167611363433967
mRNA	Elastic Net	KRT18	2	0.08202003378142848	-0.08202003378142848
mRNA	Elastic Net	COL4A5	2	0.08100352001936044	0.08100352001936044
mRNA	Elastic Net	TMEM106B	2	0.07964491318636073	-0.07964491318636073
mRNA	Elastic Net	NAT10	2	0.07821838892756641	0.07821838892756641
mRNA	Elastic Net	C6orf125	2	0.07055234338161155	-0.07055234338161155
mRNA	Elastic Net	DDIT4	2	0.061374494946006594	0.061374494946006594
mRNA	Elastic Net	NRP1	2	0.05993784577088729	-0.05993784577088729
mRNA	Elastic Net	CGN	2	0.053265659123821266	-0.053265659123821266
mRNA	Elastic Net	GOLGA3	2	0.05278235624484312	-0.05278235624484312
mRNA	Elastic Net	EREG	2	0.04882972359618726	-0.04882972359618726
mRNA	Elastic Net	MYBPC1	2	0.048543012349460096	-0.048543012349460096
mRNA	Elastic Net	HECA	2	0.04753565612067811	0.04753565612067811
mRNA	Elastic Net	SLC4A2	2	0.047206283274887705	-0.047206283274887705
mRNA	Elastic Net	MUC16	2	0.04661436128897975	-0.04661436128897975
mRNA	Elastic Net	KIAA0947	2	0.044924891527537605	0.044924891527537605
mRNA	Elastic Net	RBMS2	2	0.043595359525345455	-0.043595359525345455
mRNA	Elastic Net	ITPRIP	2	0.043307828309216014	0.043307828309216014
mRNA	Elastic Net	WIZ	2	0.04324919787181095	0.04324919787181095
mRNA	Elastic Net	MLLT4	2	0.04287876921453814	-0.04287876921453814
mRNA	Elastic Net	SLC6A8	2	0.042696112842688594	0.042696112842688594
mRNA	Elastic Net	CRKL	2	0.03673423332586016	0.03673423332586016
mRNA	Elastic Net	RRBP1	2	0.0345878628216424	-0.0345878628216424
mRNA	Elastic Net	RAPH1	2	0.03395176186545995	-0.03395176186545995
mRNA	Elastic Net	TMEM109	2	0.03288467324044525	0.03288467324044525
mRNA	Elastic Net	TMEM45B	2	0.031910987752309335	-0.031910987752309335
mRNA	Elastic Net	KIAA0182	2	0.031161156192461854	-0.031161156192461854
mRNA	Elastic Net	SYTL2	2	0.028834877914221284	-0.028834877914221284
mRNA	Elastic Net	PSMC4	2	0.026542913611275122	0.026542913611275122
mRNA	Elastic Net	DCBLD2	2	0.026210708761135765	-0.026210708761135765
mRNA	Elastic Net	ATP1B3	2	0.02618468854517378	0.02618468854517378
mRNA	Elastic Net	AXL	2	0.02565622469633386	-0.02565622469633386
mRNA	Elastic Net	MDH2	2	0.024475287456055345	0.024475287456055345
mRNA	Elastic Net	ARPC2	2	0.02232756303801093	0.02232756303801093
mRNA	Elastic Net	CTBP2	2	0.022170994835628392	-0.022170994835628392
mRNA	Elastic Net	NEK6	2	0.021211458468249407	-0.021211458468249407
mRNA	Elastic Net	MBD2	2	0.020505756478457798	0.020505756478457798
mRNA	Elastic Net	CLPTM1	2	0.019590576712285257	0.019590576712285257
mRNA	Elastic Net	TTC39A	2	0.019044734151894525	-0.019044734151894525
mRNA	Elastic Net	CADPS2	2	0.018238242847843755	-0.018238242847843755
mRNA	Elastic Net	DSC2	2	0.017281798594252815	0.017281798594252815
mRNA	Elastic Net	UNC93B1	2	0.016698163232962235	-0.016698163232962235
mRNA	Elastic Net	RORC	2	0.015380979384393766	-0.015380979384393766
mRNA	Elastic Net	CPD	2	0.01533484351903088	-0.01533484351903088
mRNA	Elastic Net	EPCAM	2	0.013665418199583548	-0.013665418199583548
mRNA	Elastic Net	SCD5	2	0.012322131882532145	0.012322131882532145
mRNA	Elastic Net	TLE2	2	0.01181886408831869	-0.01181886408831869
mRNA	Elastic Net	KRT86	2	0.011157649777200344	0.011157649777200344
mRNA	Elastic Net	ARL4D	2	0.009853558027810048	0.009853558027810048
mRNA	Elastic Net	OCLN	2	0.007543913460119912	-0.007543913460119912
mRNA	Elastic Net	SEZ6L2	2	0.0064055009962334574	-0.0064055009962334574
mRNA	Elastic Net	SFRP2	2	0.0034087484296400987	0.0034087484296400987
mRNA	Elastic Net	PLCH2	2	9.487228765276585e-4	9.487228765276585e-4
mRNA	Elastic Net	NPTN	1	0.2045966207222256	0.2045966207222256
mRNA	Elastic Net	RHOB	1	0.16113532390277122	-0.16113532390277122
mRNA	Elastic Net	PTPN1	1	0.14656604210606167	0.14656604210606167
mRNA	Elastic Net	WARS	1	0.1341385138451853	0.1341385138451853
mRNA	Elastic Net	PTPN18	1	0.13116374195539254	-0.13116374195539254
mRNA	Elastic Net	NKX2-1	1	0.12951112046378668	-0.12951112046378668
mRNA	Elastic Net	HECTD1	1	0.12584988432796057	-0.12584988432796057
mRNA	Elastic Net	SRP9	1	0.12404205912578654	-0.12404205912578654
mRNA	Elastic Net	NAMPT	1	0.12189333196060062	0.12189333196060062
mRNA	Elastic Net	DAB2IP	1	0.11259695502027733	0.11259695502027733
mRNA	Elastic Net	FAM8A1	1	0.1082103581426747	-0.1082103581426747
mRNA	Elastic Net	AP2M1	1	0.102142223006148	0.102142223006148
mRNA	Elastic Net	ARHGAP23	1	0.09348331511103622	0.09348331511103622
mRNA	Elastic Net	PREP	1	0.0877245440728741	0.0877245440728741
mRNA	Elastic Net	NTN1	1	0.08761183224099783	0.08761183224099783
mRNA	Elastic Net	LPGAT1	1	0.08756471410433618	-0.08756471410433618
mRNA	Elastic Net	UBE2C	1	0.0832425762581278	0.0832425762581278
mRNA	Elastic Net	BAG3	1	0.07974556300503259	0.07974556300503259
mRNA	Elastic Net	SOAT1	1	0.07370992713341018	-0.07370992713341018
mRNA	Elastic Net	SMARCD2	1	0.07276027991553657	0.07276027991553657
mRNA	Elastic Net	ADI1	1	0.07241016862818506	0.07241016862818506
mRNA	Elastic Net	ADAMTS1	1	0.07158969571589704	0.07158969571589704
mRNA	Elastic Net	RARG	1	0.06972675997871855	0.06972675997871855
mRNA	Elastic Net	CYP2B6	1	0.06909371154103369	0.06909371154103369
mRNA	Elastic Net	UBL3	1	0.06714390692783563	-0.06714390692783563
mRNA	Elastic Net	AP2B1	1	0.06563646093551169	-0.06563646093551169
mRNA	Elastic Net	ARHGAP5	1	0.06008838998279253	-0.06008838998279253
mRNA	Elastic Net	FUCA1	1	0.05795342896087735	-0.05795342896087735
mRNA	Elastic Net	FAM46A	1	0.05473812645129933	-0.05473812645129933
mRNA	Elastic Net	PNKD	1	0.054468361813246324	-0.054468361813246324
mRNA	Elastic Net	FNDC3A	1	0.05382205200885457	-0.05382205200885457
mRNA	Elastic Net	MXRA7	1	0.0534490109374653	0.0534490109374653
mRNA	Elastic Net	MUC1	1	0.05264534025241988	-0.05264534025241988
mRNA	Elastic Net	SIGMAR1	1	0.052584338540457194	0.052584338540457194
mRNA	Elastic Net	FBLN1	1	0.05219974823135932	0.05219974823135932
mRNA	Elastic Net	ADAMTS4	1	0.05158780248071934	0.05158780248071934
mRNA	Elastic Net	PHC2	1	0.051343579634745014	-0.051343579634745014
mRNA	Elastic Net	SPCS3	1	0.05059689428062513	-0.05059689428062513
mRNA	Elastic Net	FTH1	1	0.049851169260725026	0.049851169260725026
mRNA	Elastic Net	PHF17	1	0.04911387045276356	-0.04911387045276356
mRNA	Elastic Net	RHOU	1	0.048885387279452464	-0.048885387279452464
mRNA	Elastic Net	EIF4A3	1	0.04876126981493651	0.04876126981493651
mRNA	Elastic Net	TMTC1	1	0.0479902773973721	0.0479902773973721
mRNA	Elastic Net	CLDN3	1	0.047531069073288794	-0.047531069073288794
mRNA	Elastic Net	BAT3	1	0.04737671011199323	-0.04737671011199323
mRNA	Elastic Net	AP1B1	1	0.04721822303335403	0.04721822303335403
mRNA	Elastic Net	SYNCRIP	1	0.047108200217393224	0.047108200217393224
mRNA	Elastic Net	FANCI	1	0.04651929308800199	0.04651929308800199
mRNA	Elastic Net	NFATC4	1	0.045557069683481555	-0.045557069683481555
mRNA	Elastic Net	C3orf1	1	0.04452693101178299	0.04452693101178299
mRNA	Elastic Net	MET	1	0.04412383007554938	-0.04412383007554938
mRNA	Elastic Net	SLC25A5	1	0.04234768481962267	0.04234768481962267
mRNA	Elastic Net	IGSF3	1	0.04227318054921961	0.04227318054921961
mRNA	Elastic Net	CHML	1	0.04129809575860188	-0.04129809575860188
mRNA	Elastic Net	AP2S1	1	0.04121440871980653	0.04121440871980653
mRNA	Elastic Net	HBA2	1	0.04070432635052335	0.04070432635052335
mRNA	Elastic Net	GNPNAT1	1	0.03940632682857558	-0.03940632682857558
mRNA	Elastic Net	MAGED2	1	0.039309556649935	-0.039309556649935
mRNA	Elastic Net	TMEM33	1	0.039008659444066916	-0.039008659444066916
mRNA	Elastic Net	JAG1	1	0.03706540126688194	0.03706540126688194
mRNA	Elastic Net	ADM	1	0.036505897757998854	0.036505897757998854
mRNA	Elastic Net	KIF13B	1	0.036258362481703145	-0.036258362481703145
mRNA	Elastic Net	GBP5	1	0.03576592634041446	0.03576592634041446
mRNA	Elastic Net	GCNT3	1	0.0352216277593215	-0.0352216277593215
mRNA	Elastic Net	EIF4H	1	0.03397600685539713	0.03397600685539713
mRNA	Elastic Net	CHD8	1	0.03335814517375635	-0.03335814517375635
mRNA	Elastic Net	NCBP2	1	0.031389374514074295	0.031389374514074295
mRNA	Elastic Net	OSBPL9	1	0.031275641325027484	-0.031275641325027484
mRNA	Elastic Net	APCDD1	1	0.031207315758896827	0.031207315758896827
mRNA	Elastic Net	NEK7	1	0.03070996904788635	-0.03070996904788635
mRNA	Elastic Net	TRIM27	1	0.03062311448403325	-0.03062311448403325
mRNA	Elastic Net	SPTBN1	1	0.030058137400952575	-0.030058137400952575
mRNA	Elastic Net	PAPSS1	1	0.029496389879946835	0.029496389879946835
mRNA	Elastic Net	MICAL3	1	0.029352405915404695	0.029352405915404695
mRNA	Elastic Net	GSK3A	1	0.029247209250908148	0.029247209250908148
mRNA	Elastic Net	AQP1	1	0.029088815524653634	0.029088815524653634
mRNA	Elastic Net	MDM2	1	0.02884127980387552	0.02884127980387552
mRNA	Elastic Net	TFDP1	1	0.026673085304943812	0.026673085304943812
mRNA	Elastic Net	TUBA1C	1	0.026656876255453408	0.026656876255453408
mRNA	Elastic Net	LOXL2	1	0.026214332378996136	-0.026214332378996136
mRNA	Elastic Net	DKC1	1	0.025782866186639657	0.025782866186639657
mRNA	Elastic Net	STS	1	0.02446069218895003	-0.02446069218895003
mRNA	Elastic Net	SCGB1A1	1	0.024113857314475906	-0.024113857314475906
mRNA	Elastic Net	SNHG5	1	0.024071613450974413	0.024071613450974413
mRNA	Elastic Net	SCCPDH	1	0.0238614140530091	-0.0238614140530091
mRNA	Elastic Net	CNBP	1	0.02355343389808444	0.02355343389808444
mRNA	Elastic Net	REEP4	1	0.02321292527350619	0.02321292527350619
mRNA	Elastic Net	SLC7A5	1	0.022617739859469254	0.022617739859469254
mRNA	Elastic Net	MXD1	1	0.02110670739977191	0.02110670739977191
mRNA	Elastic Net	VARS	1	0.020887847742160258	-0.020887847742160258
mRNA	Elastic Net	CPB1	1	0.020790084043048974	-0.020790084043048974
mRNA	Elastic Net	KCMF1	1	0.019945348669467528	0.019945348669467528
mRNA	Elastic Net	KREMEN1	1	0.019914648530003475	0.019914648530003475
mRNA	Elastic Net	ARF1	1	0.01958139164268499	-0.01958139164268499
mRNA	Elastic Net	WNT5A	1	0.018866507170534175	0.018866507170534175
mRNA	Elastic Net	PKP4	1	0.017781271972259725	0.017781271972259725
mRNA	Elastic Net	RPL9	1	0.017202549877303724	0.017202549877303724
mRNA	Elastic Net	MIA3	1	0.01710474325168201	-0.01710474325168201
mRNA	Elastic Net	HIPK2	1	0.0170808888822987	-0.0170808888822987
mRNA	Elastic Net	G0S2	1	0.01614178921784431	-0.01614178921784431
mRNA	Elastic Net	AGPAT6	1	0.015753556836731117	-0.015753556836731117
mRNA	Elastic Net	POU2AF1	1	0.015301498208280953	0.015301498208280953
mRNA	Elastic Net	PRNP	1	0.014943119538358718	0.014943119538358718
mRNA	Elastic Net	TMTC3	1	0.014139395475308078	0.014139395475308078
mRNA	Elastic Net	GPC1	1	0.014108153866004843	0.014108153866004843
mRNA	Elastic Net	VSTM2L	1	0.013405782890022045	-0.013405782890022045
mRNA	Elastic Net	CITED2	1	0.013282402743324836	-0.013282402743324836
mRNA	Elastic Net	FUT8	1	0.012808469376959614	-0.012808469376959614
mRNA	Elastic Net	RPL7	1	0.012195589459518721	0.012195589459518721
mRNA	Elastic Net	MDH1	1	0.011925736315443445	0.011925736315443445
mRNA	Elastic Net	GYS1	1	0.011768723970046774	0.011768723970046774
mRNA	Elastic Net	MFSD4	1	0.011642629715255318	-0.011642629715255318
mRNA	Elastic Net	CNP	1	0.011526880686464416	-0.011526880686464416
mRNA	Elastic Net	SLC1A3	1	0.01087894268846536	0.01087894268846536
mRNA	Elastic Net	FLNB	1	0.010610628659061466	-0.010610628659061466
mRNA	Elastic Net	ADD3	1	0.010552746929718396	0.010552746929718396
mRNA	Elastic Net	SDHA	1	0.00928621654533007	0.00928621654533007
mRNA	Elastic Net	KCTD12	1	0.009192861131324174	-0.009192861131324174
mRNA	Elastic Net	MSTN	1	0.009018509360363768	-0.009018509360363768
mRNA	Elastic Net	SLFN13	1	0.008868940367879849	-0.008868940367879849
mRNA	Elastic Net	TPSB2	1	0.008584809405019348	0.008584809405019348
mRNA	Elastic Net	PICALM	1	0.008271495760818854	-0.008271495760818854
mRNA	Elastic Net	TTLL12	1	0.007874515015742089	0.007874515015742089
mRNA	Elastic Net	DCTN5	1	0.007263923066599286	0.007263923066599286
mRNA	Elastic Net	CLIC6	1	0.007243660051195892	-0.007243660051195892
mRNA	Elastic Net	NMNAT2	1	0.007123755270602896	-0.007123755270602896
mRNA	Elastic Net	PTP4A2	1	0.006935852801037774	-0.006935852801037774
mRNA	Elastic Net	SLC20A1	1	0.006118052478619645	-0.006118052478619645
mRNA	Elastic Net	FGF19	1	0.006106409491269973	0.006106409491269973
mRNA	Elastic Net	HSD17B11	1	0.005332494081147293	-0.005332494081147293
mRNA	Elastic Net	UFD1L	1	0.0051432958915177554	0.0051432958915177554
mRNA	Elastic Net	TP63	1	0.004736375974826268	0.004736375974826268
mRNA	Elastic Net	TPD52L1	1	0.004514672524426657	0.004514672524426657
mRNA	Elastic Net	FNBP1L	1	0.004290898329229627	-0.004290898329229627
mRNA	Elastic Net	MALL	1	0.0038741234764469805	-0.0038741234764469805
mRNA	Elastic Net	KRT7	1	0.003681526254333134	-0.003681526254333134
mRNA	Elastic Net	GJA1	1	0.003600479263293938	0.003600479263293938
mRNA	Elastic Net	SCP2	1	0.0035992379762613217	-0.0035992379762613217
mRNA	Elastic Net	DPY19L1	1	0.0033924643848074016	-0.0033924643848074016
mRNA	Elastic Net	TSPAN15	1	0.0032416182752287213	-0.0032416182752287213
mRNA	Elastic Net	AREG	1	0.003157282857270718	-0.003157282857270718
mRNA	Elastic Net	HMGB2	1	0.0031230791469056343	0.0031230791469056343
mRNA	Elastic Net	GPR107	1	0.002741956897857874	0.002741956897857874
mRNA	Elastic Net	SENP5	1	0.0025076202770056262	0.0025076202770056262
mRNA	Elastic Net	PIM1	1	0.0024787708654728734	0.0024787708654728734
mRNA	Elastic Net	CHSY1	1	0.002466891513197445	0.002466891513197445
mRNA	Elastic Net	C22orf28	1	0.002408410023727397	0.002408410023727397
mRNA	Elastic Net	SKAP2	1	0.002070121816518627	-0.002070121816518627
mRNA	Elastic Net	CDK2AP1	1	0.0019165197887780832	0.0019165197887780832
mRNA	Elastic Net	PCBP1	1	0.0015347366031166886	0.0015347366031166886
mRNA	Elastic Net	SERTAD2	1	0.0014655050072048233	0.0014655050072048233
mRNA	Elastic Net	HNRNPL	1	0.0013984443205886702	0.0013984443205886702
mRNA	Elastic Net	SLC5A6	1	0.0013913570527330972	0.0013913570527330972
mRNA	Elastic Net	ID3	1	0.0011990843109966737	0.0011990843109966737
mRNA	Elastic Net	CAPZA2	1	5.942061889025459e-4	-5.942061889025459e-4
